urn,name,cts_namespace,cts_id_prefix,cts_id,viaf_id,lccn,wikidata_id,wikipedia_url_en,wikipedia_url_es,wikipedia_url_de,wikipedia_url_it,wikipedia_url_fr
urn:cts:greekLit:tlg0099,"HucitAuthor (names=[Strabon (@de),Strabo (@la),Strabone (@it)],urn=urn:cts:greekLit:tlg0099)",greekLit,tlg,0099,100219883,None,Q45936,https://en.wikipedia.org/wiki/Strabo,https://es.wikipedia.org/wiki/Estrabón,https://de.wikipedia.org/wiki/Strabon,https://it.wikipedia.org/wiki/Strabone,https://fr.wikipedia.org/wiki/Strabon
urn:cts:greekLit:tlg2045,"HucitAuthor (names=[Nonnus Panapolitanus (@la),Nonnus Of Panopolis (@en),Nonnus (@la),Nonno (@it),Nonnos (@None),Nonnus De Panopolis (@fr),Nonnus Epicus (@la),Nonno Di Panopoli (@it),Nonnos De Panopolis (@fr),Nonnos Von Panopolis (@de)],urn=urn:cts:greekLit:tlg2045)",greekLit,tlg,2045,None,None,None,None,None,None,None,None
urn:cts:latinLit:phi0690,"HucitAuthor (names=[Vergil (@None),Publius Virgilius Maro (@la),P. Vergilius Maro (@la),Publius Vergilius Maro (@la),Publio Virgilio Marone (@it),P. Virgilius Maro (@la),Virgil (@en),Virgile (@fr),Publio Virgilio Marón (@es)],urn=urn:cts:latinLit:phi0690)",latinLit,phi,0690,8194433,None,Q1398,https://en.wikipedia.org/wiki/Virgil,https://es.wikipedia.org/wiki/Virgilio,https://de.wikipedia.org/wiki/Vergil,https://it.wikipedia.org/wiki/Publio_Virgilio_Marone,https://fr.wikipedia.org/wiki/Virgile
urn:cts:greekLit:tlg0024,"HucitAuthor (names=[Oppien De Syrie (@fr),Oppianos (@None),Oppien (@None),Oppiano (@None),Oppianus (@None),Oppian (@None),Oppien D'Apamée (@fr),Oppian Von Apameia (@de),Oppian Of Apamea (@en),Oppianus Apamensis (@la),Oppiano Di Apamea (@it)],urn=urn:cts:greekLit:tlg0024)",greekLit,tlg,0024,100036127,None,None,None,None,None,None,None
urn:cts:greekLit:tlg0001,"HucitAuthor (names=[Apolonio De Rodas (@es),Apollonius (@None),Apollonio (@it),Apollonius The Rhodian (@en),Apollonios (@de),Apollonios De Rhodes (@fr),Apollonius Rhodius (@la),Apollonius Of Rhodes (@en),Apolonio (@None),Apollonios Von Rhodos (@de)],urn=urn:cts:greekLit:tlg0001)",greekLit,tlg,0001,262974255,None,Q192638,https://en.wikipedia.org/wiki/Apollonius_of_Rhodes,https://es.wikipedia.org/wiki/Apolonio_de_Rodas,https://de.wikipedia.org/wiki/Apollonios_von_Rhodos,https://it.wikipedia.org/wiki/Apollonio_Rodio,https://fr.wikipedia.org/wiki/Apollonios_de_Rhodes
urn:cts:greekLit:tlg0034,"HucitAuthor (names=[Lycurgus (@la),Lycurgue (@fr),Lykurgos (@None),Licurgo (@it)],urn=urn:cts:greekLit:tlg0034)",greekLit,tlg,0034,268590928,None,Q373685,https://en.wikipedia.org/wiki/Lycurgus_of_Athens,https://es.wikipedia.org/wiki/Licurgo_(orador),https://de.wikipedia.org/wiki/Lykurgos_von_Athen,https://it.wikipedia.org/wiki/Licurgo_di_Atene,https://fr.wikipedia.org/wiki/Lycurgue_(orateur)
urn:cts:greekLit:tlg0363,"HucitAuthor (names=[Ptolemaeus (@None),Ptolemy (@en),Claudius Ptolemaeus (@la),Claudio Tolomeo (@it),Claudius Ptolemäus (@de),Claudio Ptolomeo (@es),Ptolémée (@fr),Ptolemeo (@it),Ptolemaios (@None),Ptolémée Claude (@fr),Ptolemaios Klaudios (@None)],urn=urn:cts:greekLit:tlg0363)",greekLit,tlg,0363,54152998,None,Q34943,https://en.wikipedia.org/wiki/Ptolemy,https://es.wikipedia.org/wiki/Claudio_Ptolomeo,https://de.wikipedia.org/wiki/Claudius_Ptolemäus,https://it.wikipedia.org/wiki/Claudio_Tolomeo,https://fr.wikipedia.org/wiki/Claude_Ptolémée
urn:cts:greekLit:tlg0016,"HucitAuthor (names=[Herodotus Historicus (@la),Hérodote (@fr),Herodotus (@la),Erodoto (@it),Herodot (@de)],urn=urn:cts:greekLit:tlg0016)",greekLit,tlg,0016,100225976,None,Q26825,https://en.wikipedia.org/wiki/Herodotus,https://es.wikipedia.org/wiki/Heródoto,https://de.wikipedia.org/wiki/Herodot,https://it.wikipedia.org/wiki/Erodoto,https://fr.wikipedia.org/wiki/Hérodote
urn:cts:latinLit:phi0917,"HucitAuthor (names=[M. Annaeus Lucanus (@la),M. Annaeus Lucanus Poeta (@la),Lucain (@fr),Marco Anneo Lucano (@None),Marcus Annaeus Lucanus (@la),Lukan (@de),Lucan (@en)],urn=urn:cts:latinLit:phi0917)",latinLit,phi,0917,100902938,None,Q188646,https://en.wikipedia.org/wiki/Lucan,https://es.wikipedia.org/wiki/Marco_Anneo_Lucano,https://de.wikipedia.org/wiki/Marcus_Annaeus_Lucanus,https://it.wikipedia.org/wiki/Marco_Anneo_Lucano,https://fr.wikipedia.org/wiki/Lucain
urn:cts:greekLit:tlg2934,"HucitAuthor (names=[Joannes Damascenus (@la),Joannes (@None)],urn=urn:cts:greekLit:tlg2934)",greekLit,tlg,2934,44435485,None,Q51884,https://en.wikipedia.org/wiki/John_of_Damascus,https://es.wikipedia.org/wiki/Juan_Damasceno,https://de.wikipedia.org/wiki/Johannes_von_Damaskus,https://it.wikipedia.org/wiki/Giovanni_Damasceno,https://fr.wikipedia.org/wiki/Jean_Damascène
urn:cts:greekLit:tlg0020,"HucitAuthor (names=[Hesiod (@en),Esiodo (@it),Hesiodus Epicus (@la),Hésiode (@fr),Hesiodus (@la),Hesiodos (@None)],urn=urn:cts:greekLit:tlg0020)",greekLit,tlg,0020,122220717,None,Q44233,https://en.wikipedia.org/wiki/Hesiod,https://es.wikipedia.org/wiki/Hesíodo,https://de.wikipedia.org/wiki/Hesiod,https://it.wikipedia.org/wiki/Esiodo,https://fr.wikipedia.org/wiki/Hésiode
urn:cts:latinLit:phi1351,"HucitAuthor (names=[Publio O Gaio Cornelio Tacito (@it),Tacite (@fr),Cornelius Tacitus Historicus (@la),Publio Cornelio Tácito (@es),Gayo Cornelio Tacito (@es),Tacitus (@None),Cornelius Tacitus (@la),Publius Cornelius Tacitus (@la),Caius Cornelius Tacitus (@la),Gaius Cornelius Tacitus (@la)],urn=urn:cts:latinLit:phi1351)",latinLit,phi,1351,100226923,None,Q2161,https://en.wikipedia.org/wiki/Tacitus,https://es.wikipedia.org/wiki/Tácito,https://de.wikipedia.org/wiki/Tacitus,https://it.wikipedia.org/wiki/Publio_Cornelio_Tacito,https://fr.wikipedia.org/wiki/Tacite
urn:cts:greekLit:tlg0655,"HucitAuthor (names=[Parthenius (@la),Parthénius (@fr),Parthenius Mythographus (@la),Partenio (@it),Parthenios (@None)],urn=urn:cts:greekLit:tlg0655)",greekLit,tlg,0655,289787117,None,Q729109,https://en.wikipedia.org/wiki/Parthenius_of_Nicaea,https://es.wikipedia.org/wiki/Partenio_de_Nicea,https://de.wikipedia.org/wiki/Parthenios_von_Nicaea,https://it.wikipedia.org/wiki/Partenio_di_Nicea,https://fr.wikipedia.org/wiki/Parthénios_de_Nicée
urn:cts:greekLit:tlg2018,"HucitAuthor (names=[Eusebius (@None),Eusèbe De Césarée (@fr),Eusebios (@None),Eusebio Di Cesarea (@it),Eusebio (@None),Eusebius Of Caesarea (@en),Eus (@None),Eusebius Von Caesarea (@de),Eusebius Caesariensis (@la)],urn=urn:cts:greekLit:tlg2018)",greekLit,tlg,2018,4929593,None,Q142999,https://en.wikipedia.org/wiki/Eusebius,https://es.wikipedia.org/wiki/Eusebio_de_Cesarea,https://de.wikipedia.org/wiki/Eusebius_von_Caesarea,https://it.wikipedia.org/wiki/Eusebio_di_Cesarea,https://fr.wikipedia.org/wiki/Eusèbe_de_Césarée
urn:cts:greekLit:tlg0548,"HucitAuthor (names=[Apollodoros (@None),Pseudo-Apollodorus (@la),Apollodorus Grammaticus (@la),Apollodoros Der Grammatiker (@de),Pseudo-Apollodore (@fr),Apollodor (@de),Apollodorus (@la),Apollodore (@None),Apollodore Le Mythographe (@fr),Apollodorus Mythographus (@la)],urn=urn:cts:greekLit:tlg0548)",greekLit,tlg,0548,100219535,None,Q205704,https://en.wikipedia.org/wiki/Apollodorus_of_Athens,https://es.wikipedia.org/wiki/Apolodoro_de_Atenas,https://de.wikipedia.org/wiki/Apollodor_von_Athen_(Schriftsteller),https://it.wikipedia.org/wiki/Apollodoro_di_Atene,https://fr.wikipedia.org/wiki/Apollodore_d'Athènes
urn:cts:greekLit:tlg7000,"HucitAuthor (names=[Anthologia Graeca (@la)],urn=urn:cts:greekLit:tlg7000)",greekLit,tlg,7000,None,None,None,None,None,None,None,None
urn:cts:latinLit:phi0119,"HucitAuthor (names=[Pseudo-Plautus (@la),Titus Maccus Plautus (@la),Titus Maccius Plautus (@la),T. Maccius Plautus (@la),Plautus Comicus Latinus (@la),Plautus (@None),Plautus Komödiendichter (@de),Plaute (@fr),Tito Maccio Plauto (@None)],urn=urn:cts:latinLit:phi0119)",latinLit,phi,0119,66462281,None,Q47160,https://en.wikipedia.org/wiki/Plautus,https://es.wikipedia.org/wiki/Plauto,https://de.wikipedia.org/wiki/Plautus,https://it.wikipedia.org/wiki/Tito_Maccio_Plauto,https://fr.wikipedia.org/wiki/Plaute
urn:cts:greekLit:tlg0074,"HucitAuthor (names=[Arrianus Von Nikomedien (@de),Flave Arrien (@fr),Arriano Flavio (@it),Arrianus (@None),Arrian (@en),Arrianos (@None),Arriano (@None),Flavius Arrianus (@la),Arrian Flavius (@en),Arrien (@fr),Arrianus Bithynius (@la),Arrianus Nicomedensis (@la)],urn=urn:cts:greekLit:tlg0074)",greekLit,tlg,0074,100192636,None,Q31845,https://en.wikipedia.org/wiki/Arrian,https://es.wikipedia.org/wiki/Flavio_Arriano,https://de.wikipedia.org/wiki/Arrian,https://it.wikipedia.org/wiki/Arriano,https://fr.wikipedia.org/wiki/Arrien
urn:cts:latinLit:phi0134,"HucitAuthor (names=[Terence (@en),P. Terentius Afer (@la),Publio Terencio Afro (@es),Publio Terenzio Afro (@it),Térence (@fr),Publio Terencio Africano (@es),Publius Terentius Afer Comicus (@la),Terenz (@de),Publius Terentius Afer (@la),Terentius (@None)],urn=urn:cts:latinLit:phi0134)",latinLit,phi,0134,213181445,None,Q172048,https://en.wikipedia.org/wiki/Terence,https://es.wikipedia.org/wiki/Terencio,https://de.wikipedia.org/wiki/Terenz,https://it.wikipedia.org/wiki/Publio_Terenzio_Afro,https://fr.wikipedia.org/wiki/Térence
urn:cts:greekLit:tlg0057,"HucitAuthor (names=[Galenus Medicus (@la),Galenus (@la),Galien (@fr),Galenos (@None),Galeno (@it),Galen (@None),Claudius Galenus (@la)],urn=urn:cts:greekLit:tlg0057)",greekLit,tlg,0057,44299175,None,None,None,None,None,None,None
urn:cts:greekLit:tlg0014,"HucitAuthor (names=[Demosthenes Atheniensis (@la),Demosthenes (@la),Démosthène (@fr),Demostene (@it),Demóstenes (@es)],urn=urn:cts:greekLit:tlg0014)",greekLit,tlg,0014,268302412,None,Q117253,https://en.wikipedia.org/wiki/Demosthenes,https://es.wikipedia.org/wiki/Demóstenes,https://de.wikipedia.org/wiki/Demosthenes,https://it.wikipedia.org/wiki/Demostene,https://fr.wikipedia.org/wiki/Démosthène
urn:cts:greekLit:tlg0533,"HucitAuthor (names=[Calímaco (@es),Kallimachos (@None),Callimaco (@it),Callimachus (@la),Callimaque (@fr)],urn=urn:cts:greekLit:tlg0533)",greekLit,tlg,0533,99454635,None,Q192417,https://en.wikipedia.org/wiki/Callimachus,https://es.wikipedia.org/wiki/Calímaco_(poeta),https://de.wikipedia.org/wiki/Kallimachos,https://it.wikipedia.org/wiki/Callimaco,https://fr.wikipedia.org/wiki/Callimaque_de_Cyrène
urn:cts:greekLit:tlg0062,"HucitAuthor (names=[Lucianos (@None),Lucien (@fr),Luciano (@it),Lucian (@en),Lucianus (@la),Lukianos (@None)],urn=urn:cts:greekLit:tlg0062)",greekLit,tlg,0062,89327194,None,None,None,None,None,None,None
urn:cts:greekLit:tlg2046,"HucitAuthor (names=[Quintus (@la)],urn=urn:cts:greekLit:tlg2046)",greekLit,tlg,2046,76294608,None,Q352702,https://en.wikipedia.org/wiki/Quintus_Smyrnaeus,https://es.wikipedia.org/wiki/Quinto_de_Esmirna,https://de.wikipedia.org/wiki/Quintus_von_Smyrna,https://it.wikipedia.org/wiki/Quinto_Smirneo,https://fr.wikipedia.org/wiki/Quintus_de_Smyrne
urn:cts:greekLit:tlg0004,"HucitAuthor (names=[Diogenes Cilicianus (@la),Diog (@None),Diogenes (@la),Diogenes Laertius (@la),Diogène Laërce (@fr),Diogene Laerzio (@it),Diogène De Laërte (@fr),Diogenes Philosophus (@la),Diogene (@None)],urn=urn:cts:greekLit:tlg0004)",greekLit,tlg,0004,41839141,None,Q59138,https://en.wikipedia.org/wiki/Diogenes_Laërtius,https://es.wikipedia.org/wiki/Diógenes_Laercio,https://de.wikipedia.org/wiki/Diogenes_Laertios,https://it.wikipedia.org/wiki/Diogene_Laerzio,https://fr.wikipedia.org/wiki/Diogène_Laërce
urn:cts:greekLit:tlg0086,"HucitAuthor (names=[Aristotle (@en),Aristote (@fr),Aristoteles Stagirites (@la),Aristoteles (@la),Aristotele (@it)],urn=urn:cts:greekLit:tlg0086)",greekLit,tlg,0086,7524651,None,Q868,https://en.wikipedia.org/wiki/Aristotle,https://es.wikipedia.org/wiki/Aristóteles,https://de.wikipedia.org/wiki/Aristoteles,https://it.wikipedia.org/wiki/Aristotele,https://fr.wikipedia.org/wiki/Aristote
urn:cts:greekLit:tlg0385,"HucitAuthor (names=[Dion Cassius (@fr),Dio (@None),Kassios Dion (@None),Dion (@None),Dio Cassius Cocceianus (@la),Dion Casio (@es),Cassius Dio (@la),Cassio Dione (@it)],urn=urn:cts:greekLit:tlg0385)",greekLit,tlg,0385,95167625,None,Q185223,https://en.wikipedia.org/wiki/Cassius_Dio,https://es.wikipedia.org/wiki/Dion_Casio,https://de.wikipedia.org/wiki/Cassius_Dio,https://it.wikipedia.org/wiki/Cassio_Dione,https://fr.wikipedia.org/wiki/Dion_Cassius
urn:cts:greekLit:tlg0032,"HucitAuthor (names=[Xenophon Atheniensis (@la),Xenophon Historicus (@la),Xenopho Historicus (@la),Xenopho (@la),Xenophon (@None),Xenopho Atheniensis (@la),Senofonte (@it),Xénophon (@fr)],urn=urn:cts:greekLit:tlg0032)",greekLit,tlg,0032,89597697,None,Q129772,https://en.wikipedia.org/wiki/Xenophon,https://es.wikipedia.org/wiki/Jenofonte,https://de.wikipedia.org/wiki/Xenophon,https://it.wikipedia.org/wiki/Senofonte,https://fr.wikipedia.org/wiki/Xénophon
urn:cts:latinLit:phi1056,"HucitAuthor (names=[Vitruvius Pollio Scriptor De Architectura (@la),Vitruve (@fr),M. Vitruvius Pollio (@la),Marcus Vitruvius Pollio (@la),Marco Vitruvio Pollione (@it),Vitruvius Pollio (@la),Marco Vitruvio Polión (@es),Vitruvius (@None),Marc Pollion Vitruve (@fr),Vitruv (@de)],urn=urn:cts:latinLit:phi1056)",latinLit,phi,1056,46768430,None,Q47163,https://en.wikipedia.org/wiki/Vitruvius,https://es.wikipedia.org/wiki/Vitruvio,https://de.wikipedia.org/wiki/Vitruv,https://it.wikipedia.org/wiki/Marco_Vitruvio_Pollione,https://fr.wikipedia.org/wiki/Vitruve
urn:cts:greekLit:tlg0012,"HucitAuthor (names=[Homère (@fr),Homerus (@la),Homeros (@None),Homer (@en),Omero (@it)],urn=urn:cts:greekLit:tlg0012)",greekLit,tlg,0012,224924963,None,Q6691,https://en.wikipedia.org/wiki/Homer,https://es.wikipedia.org/wiki/Homero,https://de.wikipedia.org/wiki/Homer,https://it.wikipedia.org/wiki/Omero,https://fr.wikipedia.org/wiki/Homère
urn:cts:greekLit:tlg0036,"HucitAuthor (names=[Bio (@la),Bione Di Smirne (@it),Bión (@es),Bion Of Smyrna (@en),Bione (@it),Bion De Phlossa (@fr),Bion De Smyrne (@fr),Bion Smyrnaeus (@la),Bion Bucolicus (@la)],urn=urn:cts:greekLit:tlg0036)",greekLit,tlg,0036,250719105,None,Q463364,https://en.wikipedia.org/wiki/Bion_of_Smyrna,https://es.wikipedia.org/wiki/Bión_de_Esmirna,https://de.wikipedia.org/wiki/Bion_von_Smyrna,https://it.wikipedia.org/wiki/Bione_di_Smirne,https://fr.wikipedia.org/wiki/Bion_de_Smyrne
urn:cts:greekLit:tlg0540,"HucitAuthor (names=[Lisia (@it),Lysias (@la)],urn=urn:cts:greekLit:tlg0540)",greekLit,tlg,0540,183417170,None,None,None,None,None,None,None
urn:cts:greekLit:tlg0341,"HucitAuthor (names=[Lycophro (@la),Lycophron Tragicus (@la),Lycophro Tragicus (@la),Licofrone (@it),Lycophron (@la),Lykophro (@None)],urn=urn:cts:greekLit:tlg0341)",greekLit,tlg,0341,68976194,None,Q432737,https://en.wikipedia.org/wiki/Lycophron,https://es.wikipedia.org/wiki/Licofrón,https://de.wikipedia.org/wiki/Lykophron_aus_Chalkis,https://it.wikipedia.org/wiki/Licofrone,https://fr.wikipedia.org/wiki/Lycophron
urn:cts:greekLit:tlg0017,"HucitAuthor (names=[Isaeus (@la),Isaios (@None),Iseo (@it),Isée (@fr)],urn=urn:cts:greekLit:tlg0017)",greekLit,tlg,0017,265571975,None,Q365097,https://en.wikipedia.org/wiki/Isaeus,https://es.wikipedia.org/wiki/Iseo_de_Atenas,https://de.wikipedia.org/wiki/Isaios,https://it.wikipedia.org/wiki/Iseo_(oratore),https://fr.wikipedia.org/wiki/Isée
urn:cts:greekLit:tlg0033,"HucitAuthor (names=[Pindare (@fr),Pindarus (@la),Pindar (@None),Pindaro (@it),Pindaros (@None)],urn=urn:cts:greekLit:tlg0033)",greekLit,tlg,0033,100181334,None,None,None,None,None,None,None
urn:cts:greekLit:tlg0094,"HucitAuthor (names=[Pseudo-Plutarchus (@la)],urn=urn:cts:greekLit:tlg0094)",greekLit,tlg,0094,None,None,None,None,None,None,None,None
urn:cts:greekLit:tlg1600,"HucitAuthor (names=[Filostrato (@None),Philostratus Major (@la),Philostratus The Elder (@en),Philostrate De Lemnos (@fr),Philostratus Lemnius (@la),Philostratus (@None),Filostrato Lemnio (@it),Philostrate (@None)],urn=urn:cts:greekLit:tlg1600)",greekLit,tlg,1600,163752378,None,Q1231472,https://en.wikipedia.org/wiki/Philostratus_the_Younger,https://es.wikipedia.org/wiki/Filóstrato_el_Joven,None,https://it.wikipedia.org/wiki/Filostrato_il_Giovane,https://fr.wikipedia.org/wiki/Philostrate_le_Jeune
urn:cts:latinLit:phi0972,"HucitAuthor (names=[Caius Petronius Arbiter (@la),Caio Petronio Arbitro (@it),Cayo Petronio Árbitro (@es),Petron (@de),Petronio (@None),Tito Petronio Árbitro (@es),Gaius Petronius Arbiter (@la),Gaio Petronio Arbitro (@it),Petronius (@la),Petronio Arbitro (@it),Tito Petronio Arbitro (@it),Petronius Arbiter (@la),Titus Petronius Arbiter (@la),Pétrone (@fr)],urn=urn:cts:latinLit:phi0972)",latinLit,phi,0972,95155909,None,Q47180,https://en.wikipedia.org/wiki/Petronius,https://es.wikipedia.org/wiki/Petronio,https://de.wikipedia.org/wiki/Titus_Petronius,https://it.wikipedia.org/wiki/Petronio_Arbitro,https://fr.wikipedia.org/wiki/Pétrone
urn:cts:greekLit:tlg0284,"HucitAuthor (names=[Publius Aelius Aristides (@la),Elio Arístides (@es),Aristides Rhetor (@la),Aristides (@None),Aelius Aristides (@la)],urn=urn:cts:greekLit:tlg0284)",greekLit,tlg,0284,269609305,None,None,None,None,None,None,None
urn:cts:greekLit:tlg1216,"HucitAuthor (names=[Epistle Of Barnabas (@en),Épître De Barnabé (@fr),Barnabae Epistula (@la),Lettera Di Barnaba (@it),Barnabasbrief (@de)],urn=urn:cts:greekLit:tlg1216)",greekLit,tlg,1216,None,None,None,None,None,None,None,None
urn:cts:latinLit:phi0631,"HucitAuthor (names=[C. Sallustius Crispus (@la),Caius Sallustius Crispus (@la),Gaio Sallustio Crispo (@it),Sallust (@None),Salluste (@fr),Gayo Salustio Crispo (@es),Gaius Sallustius Crispus (@la)],urn=urn:cts:latinLit:phi0631)",latinLit,phi,0631,None,None,None,None,None,None,None,None
urn:cts:greekLit:tlg0010,"HucitAuthor (names=[Isocrates (@la),Isocrate (@fr),Isokrates (@de),Isocrates Atheniensis (@la)],urn=urn:cts:greekLit:tlg0010)",greekLit,tlg,0010,36926979,None,Q221182,https://en.wikipedia.org/wiki/Isocrates,https://es.wikipedia.org/wiki/Isócrates,https://de.wikipedia.org/wiki/Isokrates,https://it.wikipedia.org/wiki/Isocrate,https://fr.wikipedia.org/wiki/Isocrate
urn:cts:greekLit:tlg4081,"HucitAuthor (names=[Coluthus (@None),Colluto (@it),Colluthus (@la),Kolluthos (@None)],urn=urn:cts:greekLit:tlg4081)",greekLit,tlg,4081,62351876,None,Q1779484,https://en.wikipedia.org/wiki/Coluthus,https://es.wikipedia.org/wiki/Coluto,https://de.wikipedia.org/wiki/Kolluthos,https://it.wikipedia.org/wiki/Colluto,https://fr.wikipedia.org/wiki/Coluthos
urn:cts:greekLit:tlg0648,"HucitAuthor (names=[Onasandros (@None),Onasandro (@it),Onasander (@la)],urn=urn:cts:greekLit:tlg0648)",greekLit,tlg,0648,285771738,None,Q373042,https://en.wikipedia.org/wiki/Onasander,https://es.wikipedia.org/wiki/Onasandro,https://de.wikipedia.org/wiki/Onasander,https://it.wikipedia.org/wiki/Onasandro,https://fr.wikipedia.org/wiki/Onosandre
urn:cts:greekLit:tlg0030,"HucitAuthor (names=[Hypéride (@fr),Hyperides (@la)],urn=urn:cts:greekLit:tlg0030)",greekLit,tlg,0030,264197546,None,Q314447,https://en.wikipedia.org/wiki/Hypereides,https://es.wikipedia.org/wiki/Hipérides,https://de.wikipedia.org/wiki/Hypereides,https://it.wikipedia.org/wiki/Iperide,https://fr.wikipedia.org/wiki/Hypéride
urn:cts:greekLit:tlg0007,"HucitAuthor (names=[Plutarche De Chéronée (@fr),Plutarche (@None),Plutarco (@it),Plutarque De Chéronée (@fr),Plutarco Di Cheronea (@it),Plutarch (@de),Plutarchos (@None),Plutarchus (@la),Plutarch Von Chaironeia (@de),Plutarque (@fr),Plutarchus Chaeronensis (@la)],urn=urn:cts:greekLit:tlg0007)",greekLit,tlg,0007,268955446,None,Q41523,https://en.wikipedia.org/wiki/Plutarch,https://es.wikipedia.org/wiki/Plutarco,https://de.wikipedia.org/wiki/Plutarch,https://it.wikipedia.org/wiki/Plutarco,https://fr.wikipedia.org/wiki/Plutarque
urn:cts:greekLit:tlg0554,"HucitAuthor (names=[Chariton Aphrodisiensis (@la),Caritone (@it),Chariton (@la),Caritón (@es),Chariton D'Aphrodisias (@fr),Charito (@la)],urn=urn:cts:greekLit:tlg0554)",greekLit,tlg,0554,None,None,None,None,None,None,None,None
urn:cts:latinLit:phi0620,"HucitAuthor (names=[Properce (@fr),Propertius (@None),Properz (@de),Sex. Propertius (@la),Sextus Aurelius Propertius (@la),Sexto Propercio (@es),Sesto Aurelio Properzio (@it),Properzio (@it),Sextus Propertius (@la)],urn=urn:cts:latinLit:phi0620)",latinLit,phi,0620,100907186,None,Q8827,https://en.wikipedia.org/wiki/Propertius,https://es.wikipedia.org/wiki/Propercio,https://de.wikipedia.org/wiki/Properz,https://it.wikipedia.org/wiki/Sesto_Properzio,https://fr.wikipedia.org/wiki/Properce
urn:cts:greekLit:tlg0028,"HucitAuthor (names=[Antiphon (@la),Antiphon Le Rhéteur (@fr),Antipho Orator (@la),Antipho (@la),Ἀντιφῶν Ρήτωρ (@el),Antiphon Orator (@la),Antifonte (@es),Antiphon Rhamnus (@la),Antiphon Atheniensis (@la)],urn=urn:cts:greekLit:tlg0028)",greekLit,tlg,0028,87640863,None,Q335560,https://en.wikipedia.org/wiki/Antiphon_(orator),https://es.wikipedia.org/wiki/Antifonte_de_Atenas,https://de.wikipedia.org/wiki/Antiphon_von_Rhamnus,https://it.wikipedia.org/wiki/Antifonte_di_Ramnunte,https://fr.wikipedia.org/wiki/Antiphon
urn:cts:greekLit:tlg0023,"HucitAuthor (names=[Oppianos Von Korykos (@de),Oppianos Von Kilikien (@de),Oppianos (@None),Oppien (@None),Oppian Of Anazarbus (@en),Oppian Of Corycus (@en),Oppianus (@None),Oppian (@None),Oppiano Di Anazarbo (@it),Oppien De Cilicie (@fr),Oppien D'Anazarbe (@fr),Oppianus Anazarbensis (@la),Oppianos Von Anazarbos (@de),Oppiano (@None),Oppian Von Anazarbos (@de)],urn=urn:cts:greekLit:tlg0023)",greekLit,tlg,0023,86913544,None,Q116508,https://en.wikipedia.org/wiki/Oppian,https://es.wikipedia.org/wiki/Opiano_de_Anazarbo,https://de.wikipedia.org/wiki/Oppian,https://it.wikipedia.org/wiki/Oppiano_di_Anazarbo,https://fr.wikipedia.org/wiki/Oppien_de_Corycos
urn:cts:greekLit:tlg4029,"HucitAuthor (names=[Prokop (@de),Procope (@fr),Procopius Of Caesarea (@en),Procopius (@la),Procope De Césarée (@fr),Procopio Di Cesarea (@it),Prokop Von Caesarea (@de),Procopius Caesariensis (@la),Procopio (@it)],urn=urn:cts:greekLit:tlg4029)",greekLit,tlg,4029,None,None,None,None,None,None,None,None
urn:cts:greekLit:tlg0560,"HucitAuthor (names=[Longino (@it),Pseudo Longinus (@la),Pseudo-Longinus (@la),Longin (@fr),Longinus (@la),Longinos (@None)],urn=urn:cts:greekLit:tlg0560)",greekLit,tlg,0560,281851250,None,None,None,None,None,None,None
urn:cts:greekLit:tlg0612,"HucitAuthor (names=[Dion De Pruse (@fr),Dion Chrysostomos (@de),Dio Prusaensis (@la),Dio Of Prusa (@en),Dio Chrysostomus (@la),Dione Cocceiano (@it),Dione Crisostomo (@it),Dion Cocceianus (@la),Dion Chrysostom (@fr),Dio Prussaeus (@la),Dion (@None),Dione Retore (@it),Dion Von Prusa (@de),Dio Chrysostom (@en),Dione (@None),Dio (@None),Dione Di Prusa (@it),Dion Schüler Des Musonius (@de),Dion Von Bursa (@de)],urn=urn:cts:greekLit:tlg0612)",greekLit,tlg,0612,317287881,None,None,None,None,None,None,None
urn:cts:greekLit:tlg0029,"HucitAuthor (names=[Deinarchus (@None),Dinarchus (@la),Dinarchos (@None),Deinarchos (@None),Dinarque (@fr),Dinarco (@it)],urn=urn:cts:greekLit:tlg0029)",greekLit,tlg,0029,268224700,None,Q473421,https://en.wikipedia.org/wiki/Dinarchus,https://es.wikipedia.org/wiki/Dinarco,https://de.wikipedia.org/wiki/Deinarchos,https://it.wikipedia.org/wiki/Dinarco,https://fr.wikipedia.org/wiki/Dinarque
urn:cts:greekLit:tlg0085,"HucitAuthor (names=[Eschyle (@fr),Eschilo (@it),Aeschylus (@la),Äschylus (@de),Esquilo (@es),Aeschylus (@None)],urn=urn:cts:greekLit:tlg0085)",greekLit,tlg,0085,268526195,None,Q40939,https://en.wikipedia.org/wiki/Aeschylus,https://es.wikipedia.org/wiki/Esquilo,https://de.wikipedia.org/wiki/Aischylos,https://it.wikipedia.org/wiki/Eschilo,https://fr.wikipedia.org/wiki/Eschyle
urn:cts:latinLit:phi0472,"HucitAuthor (names=[Catullus Poeta (@la),Catullus (@la),Caius Valerius Catullus (@la),C. Valerius Catullus (@la),Gaius Valerius Catullus (@la),Cayo Valerio Catulo (@es),Catullus Veronensis (@la),Catulle (@fr),Gaio Valerio Catullo (@it),Catull (@de)],urn=urn:cts:latinLit:phi0472)",latinLit,phi,0472,54145536,None,None,None,None,None,None,None
urn:cts:greekLit:tlg0081,"HucitAuthor (names=[Dionysius Historicus (@la),Dionigi (@None),Dionysios Von Halikarnassos (@de),Denys D'Halicarnasse (@fr),Dionysius (@None),Dionysius Rhetor (@la),Dionysius Halicarnasseus (@la),Dionysios (@None),Dionigi Di Alicarnasso (@it),Dionysius Of Halicarnassus (@en),Denys (@None),Dionysius Halicarnassensis (@la)],urn=urn:cts:greekLit:tlg0081)",greekLit,tlg,0081,100218889,None,Q26204,https://en.wikipedia.org/wiki/Dionysius_of_Halicarnassus,https://es.wikipedia.org/wiki/Dionisio_de_Halicarnaso,https://de.wikipedia.org/wiki/Dionysios_von_Halikarnassos,https://it.wikipedia.org/wiki/Dionigi_di_Alicarnasso,https://fr.wikipedia.org/wiki/Denys_d'Halicarnasse
urn:cts:greekLit:tlg0561,"HucitAuthor (names=[Longos (@None),Longus (@la),Longo (@it)],urn=urn:cts:greekLit:tlg0561)",greekLit,tlg,0561,163408645,None,Q314949,https://en.wikipedia.org/wiki/Longus,https://es.wikipedia.org/wiki/Longo,https://de.wikipedia.org/wiki/Longos,https://it.wikipedia.org/wiki/Longo_Sofista,https://fr.wikipedia.org/wiki/Longus
urn:cts:greekLit:tlg0525,"HucitAuthor (names=[Pausanias Periegeta (@la),Pausania (@it),Pausanias (@None)],urn=urn:cts:greekLit:tlg0525)",greekLit,tlg,0525,77132959,None,Q192931,https://en.wikipedia.org/wiki/Pausanias_(geographer),https://es.wikipedia.org/wiki/Pausanias_(geógrafo),https://de.wikipedia.org/wiki/Pausanias,https://it.wikipedia.org/wiki/Pausania_il_Periegeta,https://fr.wikipedia.org/wiki/Pausanias_le_Périégète
urn:cts:greekLit:tlg0613,"HucitAuthor (names=[Demetrius Rhetor (@la),Demetrius (@None)],urn=urn:cts:greekLit:tlg0613)",greekLit,tlg,0613,312800491,None,None,None,None,None,None,None
urn:cts:greekLit:tlg0059,"HucitAuthor (names=[Platone (@it),Plato Philosophus (@la),Plato (@None),Platon (@None)],urn=urn:cts:greekLit:tlg0059)",greekLit,tlg,0059,108159964,None,Q859,https://en.wikipedia.org/wiki/Plato,https://es.wikipedia.org/wiki/Platón,https://de.wikipedia.org/wiki/Platon,https://it.wikipedia.org/wiki/Platone,https://fr.wikipedia.org/wiki/Platon
urn:cts:greekLit:tlg0019,"HucitAuthor (names=[Aristophanes (@None),Aristophanes Comicus (@la),Aristophane (@fr),Aristophan (@de),Aristofane (@it),Aristophanes Atheniensis (@la),Aristófanes (@es)],urn=urn:cts:greekLit:tlg0019)",greekLit,tlg,0019,20962036,None,Q43353,https://en.wikipedia.org/wiki/Aristophanes,https://es.wikipedia.org/wiki/Aristófanes,https://de.wikipedia.org/wiki/Aristophanes,https://it.wikipedia.org/wiki/Aristofane,https://fr.wikipedia.org/wiki/Aristophane
urn:cts:latinLit:stoa0023,"HucitAuthor (names=[Ammien Marcellin (@fr),Amiano Marcelino (@es),Ammien (@None),Amiano (@None),Ammianus Marcellinus (@la),Ammian (@en),Ammiano Marcellino (@it),Ammiano (@None),Amm. (@la)],urn=urn:cts:latinLit:stoa0023)",latinLit,stoa,0023,89594750,None,Q172198,https://en.wikipedia.org/wiki/Ammianus_Marcellinus,https://es.wikipedia.org/wiki/Amiano_Marcelino,https://de.wikipedia.org/wiki/Ammianus_Marcellinus,https://it.wikipedia.org/wiki/Ammiano_Marcellino,https://fr.wikipedia.org/wiki/Ammien_Marcellin
urn:cts:greekLit:tlg0058,"HucitAuthor (names=[Äneas (@de),Aeneas (@None),Aeneas Tacticus (@la),Aeneas Tacticus (@None),Énée Le Tacticien (@fr),Eneas, El Táctico (@es),Enea Tattico (@it)],urn=urn:cts:greekLit:tlg0058)",greekLit,tlg,0058,184019027,None,Q405969,https://en.wikipedia.org/wiki/Aeneas_Tacticus,https://es.wikipedia.org/wiki/Eneas_el_Táctico,https://de.wikipedia.org/wiki/Aineias_Taktikos,https://it.wikipedia.org/wiki/Enea_Tattico,https://fr.wikipedia.org/wiki/Énée_le_Tacticien
urn:cts:greekLit:tlg2040,"HucitAuthor (names=[Basile De Césarée (@None),Basilio Di Cesarea (@it),Basilius Von Caesarea (@de),Basilius (@None),Basilius Magnus (@la),Basil Of Caesarea (@en),Basile Le Grand (@fr),Basilio (@it),Basile (@None),Basilius Caesariensis (@la),Basil The Great (@en),Basil (@en),Basile De Césarée (@fr)],urn=urn:cts:greekLit:tlg2040)",greekLit,tlg,2040,88967224,None,Q44258,https://en.wikipedia.org/wiki/Basil_of_Caesarea,https://es.wikipedia.org/wiki/Basilio_el_Grande,https://de.wikipedia.org/wiki/Basilius_der_Große,https://it.wikipedia.org/wiki/San_Basilio,https://fr.wikipedia.org/wiki/Basile_de_Césarée
urn:cts:greekLit:tlg0013,"HucitAuthor (names=[Hymnes Homériques (@fr),Hymni Homerici (@la),Homerische Hymnen (@de),Inni Omerici (@it),Homeric Hymns (@en)],urn=urn:cts:greekLit:tlg0013)",greekLit,tlg,0013,187475186,None,None,None,None,None,None,None
urn:cts:greekLit:tlg0627,"HucitAuthor (names=[Hippokrates (@None),Hippocrates Medicus (@la),Hippocrate (@fr),Ippocrate (@it),Hippocrates (@la),Hippocrates Et Corpus Hippocraticum (@la)],urn=urn:cts:greekLit:tlg0627)",greekLit,tlg,0627,300089234,None,None,None,None,None,None,None
urn:cts:greekLit:tlg0557,"HucitAuthor (names=[Epitteto (@it),Epiktetos (@None),Épictète (@fr),Epiktet (@de),Epictetus (@la)],urn=urn:cts:greekLit:tlg0557)",greekLit,tlg,0557,100218891,None,Q183144,https://en.wikipedia.org/wiki/Epictetus,https://es.wikipedia.org/wiki/Epicteto,https://de.wikipedia.org/wiki/Epiktet,https://it.wikipedia.org/wiki/Epitteto,https://fr.wikipedia.org/wiki/Épictète
urn:cts:greekLit:tlg2003,"HucitAuthor (names=[Julien (@fr),Julian The Apostate (@en),Flavio Claudio Giuliano (@it),Julian The Philosopher (@en),Julien L'Apostat (@fr),Giuliano L'Apostata (@it),Julien Le Philosophe (@fr),Julian (@en),Julianus (@la),Julien L'Empereur (@fr),Julian Der Abtrünnige (@de),Flavius Claudius Julianus Imperator (@la),Julian Der Aposta (@de)],urn=urn:cts:greekLit:tlg2003)",greekLit,tlg,2003,57406701,None,Q33941,https://en.wikipedia.org/wiki/Julian_(emperor),https://es.wikipedia.org/wiki/Juliano_el_Apóstata,https://de.wikipedia.org/wiki/Julian_(Kaiser),https://it.wikipedia.org/wiki/Flavio_Claudio_Giuliano,https://fr.wikipedia.org/wiki/Julien_(empereur_romain)
urn:cts:greekLit:tlg0556,"HucitAuthor (names=[Asclépiodote (@fr),Asclepiodotus (@la),Asklepiodotos (@None)],urn=urn:cts:greekLit:tlg0556)",greekLit,tlg,0556,262924258,None,Q261224,https://en.wikipedia.org/wiki/Asclepiodotus_(philosopher),None,https://de.wikipedia.org/wiki/Asklepiodotos_(Militärschriftsteller),https://it.wikipedia.org/wiki/Asclepiodoto_(tattico),https://fr.wikipedia.org/wiki/Asclépiodote_le_Tacticien
urn:cts:greekLit:tlg0551,"HucitAuthor (names=[Appiano (@it),Apiano (@es),Appian (@en),Appianus (@la),Appien (@fr),Appianos (@de)],urn=urn:cts:greekLit:tlg0551)",greekLit,tlg,0551,77109411,None,Q190368,https://en.wikipedia.org/wiki/Appian,https://es.wikipedia.org/wiki/Apiano,https://de.wikipedia.org/wiki/Appian,https://it.wikipedia.org/wiki/Appiano_di_Alessandria,https://fr.wikipedia.org/wiki/Appien
urn:cts:greekLit:tlg0035,"HucitAuthor (names=[Moschus Bucolicus (@la),Mosco (@it),Moschus (@la),Mosco Siracusano (@it),Moschus Syracusanus Siculus (@la),Moschos (@None),Moschos De Syracuse (@fr)],urn=urn:cts:greekLit:tlg0035)",greekLit,tlg,0035,299323588,None,Q957548,https://en.wikipedia.org/wiki/Moschus,https://es.wikipedia.org/wiki/Mosco_de_Siracusa,https://de.wikipedia.org/wiki/Moschos,https://it.wikipedia.org/wiki/Mosco_(poeta),https://fr.wikipedia.org/wiki/Moschos
urn:cts:greekLit:tlg0638,"HucitAuthor (names=[Filostrato (@None),Philostratos (@None),Filostrato Flavio (@it),Flavius Philostratus (@la),Philostratos Flavius (@None),Philostratus Sophista (@la),Philostratus (@None),Philostrate L\'Athénien (@fr),Philostrate (@fr),Philostratus Atheniensis (@la)],urn=urn:cts:greekLit:tlg0638)",greekLit,tlg,0638,250889454,None,None,None,None,None,None,None
urn:cts:greekLit:tlg0562,"HucitAuthor (names=[Marcus Aurelius Antoninus (@la),Marco Aurelio (@it),Marcus Aurelius (@la),Marc Aurèle (@fr)],urn=urn:cts:greekLit:tlg0562)",greekLit,tlg,0562,102895066,None,Q1430,https://en.wikipedia.org/wiki/Marcus_Aurelius,https://es.wikipedia.org/wiki/Marco_Aurelio,https://de.wikipedia.org/wiki/Mark_Aurel,https://it.wikipedia.org/wiki/Marco_Aurelio,https://fr.wikipedia.org/wiki/Marc_Aurèle
urn:cts:greekLit:tlg0543,"HucitAuthor (names=[Polybe (@fr),Polybius Historicus (@la),Polybios (@None),Polybius (@la),Polibio (@it)],urn=urn:cts:greekLit:tlg0543)",greekLit,tlg,0543,267920293,None,Q131169,https://en.wikipedia.org/wiki/Polybius,https://es.wikipedia.org/wiki/Polibio,https://de.wikipedia.org/wiki/Polybios,https://it.wikipedia.org/wiki/Polibio,https://fr.wikipedia.org/wiki/Polybe
urn:cts:greekLit:tlg0526,"HucitAuthor (names=[Josephus Historicus (@la),Josephus (@la),Giuseppe Flavio (@it),Flavius Josephus (@la),Flave Josèphe (@fr),Flavius Josèphe (@fr)],urn=urn:cts:greekLit:tlg0526)",greekLit,tlg,0526,22143666,None,Q134461,https://en.wikipedia.org/wiki/Josephus,https://es.wikipedia.org/wiki/Flavio_Josefo,https://de.wikipedia.org/wiki/Flavius_Josephus,https://it.wikipedia.org/wiki/Flavio_Giuseppe,https://fr.wikipedia.org/wiki/Flavius_Josèphe
urn:cts:greekLit:tlg1799,"HucitAuthor (names=[Euclides (@la),Euclides Geometra (@la),Euklid (@de),Euclide (@None),Euclide Géomètre (@fr),Euclid (@en)],urn=urn:cts:greekLit:tlg1799)",greekLit,tlg,1799,176184097,None,Q8747,https://en.wikipedia.org/wiki/Euclid,https://es.wikipedia.org/wiki/Euclides,https://de.wikipedia.org/wiki/Euklid,https://it.wikipedia.org/wiki/Euclide,https://fr.wikipedia.org/wiki/Euclide
urn:cts:greekLit:tlg0093,"HucitAuthor (names=[Théophraste (@de),Theophrastos (@None),Teofrasto (@it),Theophrastus (@la)],urn=urn:cts:greekLit:tlg0093)",greekLit,tlg,0093,265397758,None,Q160362,https://en.wikipedia.org/wiki/Theophrastus,https://es.wikipedia.org/wiki/Teofrasto,https://de.wikipedia.org/wiki/Theophrastos_von_Eresos,https://it.wikipedia.org/wiki/Teofrasto,https://fr.wikipedia.org/wiki/Théophraste
urn:cts:greekLit:tlg0011,"HucitAuthor (names=[Sophocle (@fr),Sophokles (@None),Sophocles (@la),Sofocle (@it)],urn=urn:cts:greekLit:tlg0011)",greekLit,tlg,0011,101760867,None,Q7235,https://en.wikipedia.org/wiki/Sophocles,https://es.wikipedia.org/wiki/Sófocles,https://de.wikipedia.org/wiki/Sophokles,https://it.wikipedia.org/wiki/Sofocle,https://fr.wikipedia.org/wiki/Sophocle
urn:cts:latinLit:phi0893,"HucitAuthor (names=[Quintus Horatius Flaccus Poeta (@la),Quinto Orazio Flacco (@it),Horace (@None),Orazio (@it),Quintus Horatius Flaccus (@la),Q. Horatius Flaccus (@la),Horatius (@la),Horaz (@de),Horacio (@es),Quinto Horacio Flaco (@es)],urn=urn:cts:latinLit:phi0893)",latinLit,phi,0893,100227522,None,Q6197,https://en.wikipedia.org/wiki/Horace,https://es.wikipedia.org/wiki/Horacio,https://de.wikipedia.org/wiki/Horaz,https://it.wikipedia.org/wiki/Quinto_Orazio_Flacco,https://fr.wikipedia.org/wiki/Horace
urn:cts:latinLit:phi0975,"HucitAuthor (names=[Phaedrus Augusti Libertus (@la),Phaeder (@de),Phaedrus Fabularum Scriptor (@la),Phaedrus (@la),Caius Julius Phaedrus (@la),Cayo Julio Fedro (@es),Phaedrus Fabeldichter (@de),Fedro (@None),Gayo Julio Fedro (@es),Phèdre (@fr),Gaius Julius Phaedrus (@la)],urn=urn:cts:latinLit:phi0975)",latinLit,phi,0975,100219094,None,Q52166,https://en.wikipedia.org/wiki/Phaedrus_(fabulist),https://es.wikipedia.org/wiki/Gayo_Julio_Fedro,https://de.wikipedia.org/wiki/Phaedrus,https://it.wikipedia.org/wiki/Fedro,https://fr.wikipedia.org/wiki/Phèdre_(fabuliste)
urn:cts:greekLit:tlg0060,"HucitAuthor (names=[Diodorus Of Sicily (@en),Diodor Von Sizilien (@de),Diodoro Siculo (@it),Diodore De Sicile (@fr),Diodoro Siciliano (@it),Diodorus (@None),Diodorus Agyrion (@la),Diodore (@None),Diodore Sicilien (@fr),Diodor (@None),Diodorus Siculus (@la),Diodoro (@None)],urn=urn:cts:greekLit:tlg0060)",greekLit,tlg,0060,56608763,None,Q171241,https://en.wikipedia.org/wiki/Diodorus_Siculus,https://es.wikipedia.org/wiki/Diodoro_Sículo,https://de.wikipedia.org/wiki/Diodor,https://it.wikipedia.org/wiki/Diodoro_Siculo,https://fr.wikipedia.org/wiki/Diodore_de_Sicile
urn:cts:greekLit:tlg0003,"HucitAuthor (names=[Thukydides (@None),Thucydide (@fr),Thucydides (@la),Tucidide (@it)],urn=urn:cts:greekLit:tlg0003)",greekLit,tlg,0003,95161463,None,Q41683,https://en.wikipedia.org/wiki/Thucydides,https://es.wikipedia.org/wiki/Tucídides,https://de.wikipedia.org/wiki/Thukydides,https://it.wikipedia.org/wiki/Tucidide,https://fr.wikipedia.org/wiki/Thucydide
urn:cts:greekLit:tlg0027,"HucitAuthor (names=[ἈνδοκίΔης (@el),Andocides (@la),Andocides (@None),Andócides (@es),Andokides (@None),Andocide (@fr)],urn=urn:cts:greekLit:tlg0027)",greekLit,tlg,0027,110155699,None,Q391654,https://en.wikipedia.org/wiki/Andocides,https://es.wikipedia.org/wiki/Andócides,https://de.wikipedia.org/wiki/Andokides_(Redner),https://it.wikipedia.org/wiki/Andocide,https://fr.wikipedia.org/wiki/Andocide
urn:cts:greekLit:tlg0026,"HucitAuthor (names=[Eschine (@fr),Aeschines (@la)],urn=urn:cts:greekLit:tlg0026)",greekLit,tlg,0026,161234357,None,Q317089,https://en.wikipedia.org/wiki/Aeschines,https://es.wikipedia.org/wiki/Esquines,https://de.wikipedia.org/wiki/Aischines_(Athen),https://it.wikipedia.org/wiki/Eschine,https://fr.wikipedia.org/wiki/Eschine
urn:cts:greekLit:tlg0008,"HucitAuthor (names=[Athenaeus (@None),Athénée De Naucratis (@fr),Athenaeus Of Naucratis (@en),Ateneo Di Naucrati (@it),Athenaios (@None),Athenaios Von Naukratis (@de),Athenaeus Sophista (@la),Athénée (@fr),Ateneo (@it),Athenaeus Sophistes (@la),Athenaeus Von Naukratis (@de),Athenaeus Naucratita (@la),Athénée De Naucrate (@fr),Athenaeus Naucratites (@la)],urn=urn:cts:greekLit:tlg0008)",greekLit,tlg,0008,100169636,None,Q294923,https://en.wikipedia.org/wiki/Athenaeus,https://es.wikipedia.org/wiki/Ateneo,https://de.wikipedia.org/wiki/Athenaios,https://it.wikipedia.org/wiki/Ateneo_di_Naucrati,https://fr.wikipedia.org/wiki/Athénée_de_Naucratis
urn:cts:latinLit:phi1254,"HucitAuthor (names=[Aulo Gelio (@es),Aulo Gellio (@it),Agellius Aulus (@la),Aulu-Gelle (@fr),A. Gellius (@la),Aulus Gellius (@la)],urn=urn:cts:latinLit:phi1254)",latinLit,phi,1254,100198334,None,Q294800,https://en.wikipedia.org/wiki/Aulus_Gellius,https://es.wikipedia.org/wiki/Aulo_Gelio,https://de.wikipedia.org/wiki/Aulus_Gellius,https://it.wikipedia.org/wiki/Aulo_Gellio,https://fr.wikipedia.org/wiki/Aulu-Gelle
urn:cts:greekLit:tlg0199,"HucitAuthor (names=[Bacchylide (@fr),Bacchylides (@la),Bakchylides (@None),Bacchilide (@it)],urn=urn:cts:greekLit:tlg0199)",greekLit,tlg,0199,100169207,None,Q310681,https://en.wikipedia.org/wiki/Bacchylides,https://es.wikipedia.org/wiki/Baquílides,https://de.wikipedia.org/wiki/Bakchylides,https://it.wikipedia.org/wiki/Bacchilide,https://fr.wikipedia.org/wiki/Bacchylide
urn:cts:greekLit:tlg0532,"HucitAuthor (names=[Achille Tatius (@fr),Achilles Tatius (@la),Aquiles Tacio (@es),Ἀχιλλεὺς Τάτιος (@el),Achilles Tatius Scriptor Eroticus (@la),Achille Tazio (@it),Achilles (@None)],urn=urn:cts:greekLit:tlg0532)",greekLit,tlg,0532,89002230,None,Q221951,https://en.wikipedia.org/wiki/Achilles_Tatius,https://es.wikipedia.org/wiki/Aquiles_Tacio,https://de.wikipedia.org/wiki/Achilleus_Tatios_(Romanautor),https://it.wikipedia.org/wiki/Achille_Tazio,https://fr.wikipedia.org/wiki/Achille_Tatius
urn:cts:greekLit:tlg0652,"HucitAuthor (names=[Philostratus Sophistes (@la),Philostratus The Younger (@en),Philostrate Le Jeune (@fr),Philostratus Junior (@la),Philostratus Minor (@la),Philostratus (@None),Philostrate (@None)],urn=urn:cts:greekLit:tlg0652)",greekLit,tlg,0652,103210101,None,None,None,None,None,None,None
urn:cts:greekLit:tlg0719,"HucitAuthor (names=[Aretaeus (@la),Arétée De Cappadoce (@fr),Aretaeus Cappadox (@la),Aretaeus Cappadocius (@la),Arétée (@fr),Areteo (@it),Aretaeus Of Cappadocia (@en),Aretaios (@de)],urn=urn:cts:greekLit:tlg0719)",greekLit,tlg,0719,60528301,None,Q505931,https://en.wikipedia.org/wiki/Aretaeus_of_Cappadocia,https://es.wikipedia.org/wiki/Areteo_de_Capadocia,https://de.wikipedia.org/wiki/Aretaios,https://it.wikipedia.org/wiki/Areteo_di_Cappadocia,https://fr.wikipedia.org/wiki/Arétée_de_Cappadoce
urn:cts:greekLit:tlg4091,"HucitAuthor (names=[Kallistratos (@None),Callistratus (@la),Callistrate (@fr)],urn=urn:cts:greekLit:tlg4091)",greekLit,tlg,4091,3284583,None,Q713482,https://en.wikipedia.org/wiki/Callistratus_(sophist),https://es.wikipedia.org/wiki/Calístrato_(retórico),https://de.wikipedia.org/wiki/Kallistratos_(Rhetor),None,None
urn:cts:greekLit:tlg0005,"HucitAuthor (names=[Theokrit (@el),Theokritos (@None),Teocrito (@it),Theocritus (@la),Théocrite (@fr)],urn=urn:cts:greekLit:tlg0005)",greekLit,tlg,0005,95161348,None,Q219484,https://en.wikipedia.org/wiki/Theocritus,https://es.wikipedia.org/wiki/Teócrito,https://de.wikipedia.org/wiki/Theokritos,https://it.wikipedia.org/wiki/Teocrito,https://fr.wikipedia.org/wiki/Théocrite
urn:cts:greekLit:tlg0545,"HucitAuthor (names=[Elien (@None),Claudio Eliano (@None),Älian (@de),Aelian (@fr),Claudius Aelianus (@la),Élien Le Sophiste (@fr),Elien Claude (@fr),Klaudios Ailianos (@None),Ailianos (@None)],urn=urn:cts:greekLit:tlg0545)",greekLit,tlg,0545,100219416,None,Q313782,https://en.wikipedia.org/wiki/Claudius_Aelianus,https://es.wikipedia.org/wiki/Claudio_Eliano,https://de.wikipedia.org/wiki/Claudius_Aelianus,https://it.wikipedia.org/wiki/Claudio_Eliano,https://fr.wikipedia.org/wiki/Claude_Élien
urn:cts:greekLit:tlg0006,"HucitAuthor (names=[Euripide (@None),Euripides (@la)],urn=urn:cts:greekLit:tlg0006)",greekLit,tlg,0006,265326651,None,Q48305,https://en.wikipedia.org/wiki/Euripides,https://es.wikipedia.org/wiki/Eurípides,https://de.wikipedia.org/wiki/Euripides,https://it.wikipedia.org/wiki/Euripide,https://fr.wikipedia.org/wiki/Euripide
urn:cts:greekLit:tlg0555,"HucitAuthor (names=[Clément (@fr),Clemens Von Alexandria (@de),Clement Of Alexandria (@en),Clemens (@None),Clemente De Alejandría (@es),Clemens Titus Flavius (@la),Clemens Alexandrinus (@la),Clemente (@None),Clemente Di Alessandria (@it),Clément D'Alexandrie (@fr),Klemens (@None)],urn=urn:cts:greekLit:tlg0555)",greekLit,tlg,0555,100185827,None,Q188883,https://en.wikipedia.org/wiki/Clement_of_Alexandria,https://es.wikipedia.org/wiki/Clemente_de_Alejandría,https://de.wikipedia.org/wiki/Clemens_von_Alexandria,https://it.wikipedia.org/wiki/Clemente_Alessandrino,https://fr.wikipedia.org/wiki/Clément_d'Alexandrie
urn:cts:greekLit:tlg0647,"HucitAuthor (names=[Triphiodorus (@la)],urn=urn:cts:greekLit:tlg0647)",greekLit,tlg,0647,87464456,None,Q1371938,https://en.wikipedia.org/wiki/Tryphiodorus,https://es.wikipedia.org/wiki/Trifiodoro,https://de.wikipedia.org/wiki/Triphiodoros,https://it.wikipedia.org/wiki/Trifiodoro,https://fr.wikipedia.org/wiki/Tryphiodore
urn:cts:greekLit:tlg0653,"HucitAuthor (names=[Aratus Soleus (@la),Aratos (@de),Aratos Von Soloi (@de),Arato (@it),Aratus Solensis (@la),Aratus (@la),Árato De Soles (@es),Aratus Of Soloi (@en)],urn=urn:cts:greekLit:tlg0653)",greekLit,tlg,0653,100908520,None,None,None,None,None,None,None
urn:cts:latinLit:phi0926,Unknown,latinLit,phi,0926,22137113,None,Q352684,https://en.wikipedia.org/wiki/Marcus_Manilius,https://es.wikipedia.org/wiki/Manilio,https://de.wikipedia.org/wiki/Marcus_Manilius,https://it.wikipedia.org/wiki/Marco_Manilio,https://fr.wikipedia.org/wiki/Marcus_Manilius
urn:cts:latinLit:phi0474,Unknown,latinLit,phi,0474,None,None,None,None,None,None,None,None
urn:cts:latinLit:phi1294,Unknown,latinLit,phi,1294,8099277,None,Q2098,https://en.wikipedia.org/wiki/Martial,https://es.wikipedia.org/wiki/Marcial,https://de.wikipedia.org/wiki/Martial,https://it.wikipedia.org/wiki/Marco_Valerio_Marziale,https://fr.wikipedia.org/wiki/Martial_(poète)
urn:cts:latinLit:phi0540.phi001,Unknown,latinLit,phi,0540,76206574,None,None,None,None,None,None,None
urn:cts:latinLit:phi0959,Unknown,latinLit,phi,0959,None,None,None,None,None,None,None,None
urn:cts:latinLit:phi0448,Unknown,latinLit,phi,0448,286265178,None,Q1048,https://en.wikipedia.org/wiki/Julius_Caesar,https://es.wikipedia.org/wiki/Julio_César,https://de.wikipedia.org/wiki/Gaius_Iulius_Caesar,https://it.wikipedia.org/wiki/Gaio_Giulio_Cesare,https://fr.wikipedia.org/wiki/Jules_César
urn:cts:latinLit:phi1020,Unknown,latinLit,phi,1020,100904338,None,Q243203,https://en.wikipedia.org/wiki/Statius,https://es.wikipedia.org/wiki/Estacio,https://de.wikipedia.org/wiki/Publius_Papinius_Statius,https://it.wikipedia.org/wiki/Publio_Papinio_Stazio,https://fr.wikipedia.org/wiki/Stace
urn:cts:latinLit:phi0550,Unknown,latinLit,phi,0550,106388020,None,Q47154,https://en.wikipedia.org/wiki/Lucretius,https://es.wikipedia.org/wiki/Lucrecio,https://de.wikipedia.org/wiki/Lukrez,https://it.wikipedia.org/wiki/Tito_Lucrezio_Caro,https://fr.wikipedia.org/wiki/Lucrèce
urn:cts:latinLit:phi0502,Unknown,latinLit,phi,0502,121779545,None,Q772677,https://en.wikipedia.org/wiki/Aulus_Cremutius_Cordus,https://es.wikipedia.org/wiki/Aulo_Cremucio_Cordo,https://de.wikipedia.org/wiki/Aulus_Cremutius_Cordus,https://it.wikipedia.org/wiki/Cremuzio_Cordo,https://fr.wikipedia.org/wiki/Aulus_Cremutius_Cordus
urn:cts:latinLit:phi0684,Unknown,latinLit,phi,0684,100219311,None,Q206119,https://en.wikipedia.org/wiki/Marcus_Terentius_Varro,https://es.wikipedia.org/wiki/Marco_Terencio_Varrón,https://de.wikipedia.org/wiki/Marcus_Terentius_Varro,https://it.wikipedia.org/wiki/Marco_Terenzio_Varrone,https://fr.wikipedia.org/wiki/Varron_(écrivain)
urn:cts:latinLit:phi0588,Unknown,latinLit,phi,0588,100219060,None,Q109594,https://en.wikipedia.org/wiki/Cornelius_Nepos,https://es.wikipedia.org/wiki/Cornelio_Nepote,https://de.wikipedia.org/wiki/Cornelius_Nepos,https://it.wikipedia.org/wiki/Cornelio_Nepote,https://fr.wikipedia.org/wiki/Cornélius_Népos
urn:cts:latinLit:phi0830,Unknown,latinLit,phi,0830,100165075,None,Q559878,https://en.wikipedia.org/wiki/Titus_Calpurnius_Siculus,https://es.wikipedia.org/wiki/Calpurnio_Sículo,https://de.wikipedia.org/wiki/Calpurnius_Siculus,https://it.wikipedia.org/wiki/Tito_Calpurnio_Siculo,https://fr.wikipedia.org/wiki/Calpurnius_Siculus
urn:cts:latinLit:phi1100,Unknown,latinLit,phi,1100,1693120,None,None,None,None,None,None,None
urn:cts:latinLit:phi1345,Unknown,latinLit,phi,1345,27071645,None,Q316123,https://en.wikipedia.org/wiki/Silius_Italicus,https://es.wikipedia.org/wiki/Silio_Itálico,https://de.wikipedia.org/wiki/Silius_Italicus,https://it.wikipedia.org/wiki/Silio_Italico,https://fr.wikipedia.org/wiki/Silius_Italicus
urn:cts:latinLit:phi1318,Unknown,latinLit,phi,1318,None,None,None,None,None,None,None,None
urn:cts:latinLit:phi0470,Unknown,latinLit,phi,0470,None,None,None,None,None,None,None,None
urn:cts:latinLit:phi1276,Unknown,latinLit,phi,1276,83985148,None,Q193800,https://en.wikipedia.org/wiki/Juvenal,https://es.wikipedia.org/wiki/Juvenal,https://de.wikipedia.org/wiki/Juvenal,https://it.wikipedia.org/wiki/Decimo_Giunio_Giovenale,https://fr.wikipedia.org/wiki/Juvénal
urn:cts:latinLit:phi1212,Unknown,latinLit,phi,1212,32115433,None,Q170512,https://en.wikipedia.org/wiki/Apuleius,https://es.wikipedia.org/wiki/Apuleyo,https://de.wikipedia.org/wiki/Apuleius,https://it.wikipedia.org/wiki/Apuleio,https://fr.wikipedia.org/wiki/Apulée
urn:cts:latinLit:phi0914,Unknown,latinLit,phi,0914,209297963,None,None,None,None,None,None,None
urn:cts:latinLit:phi1017,Unknown,latinLit,phi,1017,None,None,None,None,None,None,None,None
