id	collection	token_count	lang	biblio
75-03188	eff_cand_7	23	it	HolzbergNiklas, «Illud quod medium est »middles in Martial, Middles in Latin poetry, 245-260
75-03023	eff_cand_2_b	162	es	Flores JúniorOlimar, Em torno d'« O cínico »nota sobre as relações de Luciano com o cinismo, Kléos (Brasil)1998-19992-3, 122-133
75-13477	C2	42	en	BaltzlyDirk C., Thevirtues and « becoming like God » :Alcinous to Proclus, OSAPh200426, 297-321
75-03181	eff_cand_10	62	it	VitiAnastasia, Per la storia del testo di Marziale nel secolo XVi « Commentarii in M. Valerium Martialem » di Domizio Calderini, Eikasmos200415, 401-434
75-04038	eff_cand_5_b	75	en	FischerFranck, Qu'est-ce qu'une expérience « aisthétique » selon Platon ?, Dialogue200342 (1), 27-52
75-08369	eff_cand_7	52	it	MasseriaConcetta, Unapiccola storia di insolita devozioneBaubo a Gela, Ostraka200312 (2), 177-195 ill. carte
75-00304	eff_cand_2_a	25	fr	HuninkVincent Jan Christian, The «persona » in Apuleius' « Florida », Essays presented to B. Hijmans, 175-187
75-02585	eff_cand_8	13	fr	RomillyJacqueline de, À propos d'ogres, ConnHell1999N° 81, 52-58
75-05987	eff_cand_6_b	99	en	ClareRay J., Narrative and identity in TheocritusIdyll 25, Hermathena2002-2003N° 173-174, 71-89
75-05988	C1	67	fr	CussetChristophe, LeCyclope de Théocrite entre la force brute et le feu de la création, Connaissance et représentations des volcans, 49-56, [rés. en angl. p. 315]
75-03185	eff_cand_2_b	97	en	ByrneShannon Nora, Martial's fictionDomitius Marsus and Maecenas, CQ2004N. S. 54 (1), 255-265
75-07928	eff_cand_1_a	125	en	Reconstructing the Serapeum in Alexandria from the archaeological evidence/ byMcKenzieJudith,GibsonSheila,ReyesA. T.; with an appendix byGrimmGünterandMcKenzieJudith, JRS200494, 73-114 ill. plans 10 p. de pl.
75-04895	eff_cand_10	52	es	Muñoz JiménezMaría José, «Seneca in declamationibus »las « Controuersiae » de Séneca el Viejo en extractos, RELat20044, 163-176, [rés. en angl.]
75-09163	C2	18	fr	NicolaouInoMichaelidou-NikolaouInô, Inscriptiones Cypriae alphabeticae. 25,1985, RDAC1986, 192-196 ill. carte pl. 40-41, [en angl.]
75-09162	eff_cand_5_a	31	fr	NicolaouInoMichaelidou-NikolaouInô, Inscriptiones Cypriae alphabeticae. 23,1983, RDAC1984, 257-264 ill. carte pl. 57-59, [en angl.]
75-06325	eff_cand_3_b	111	fr	HeinzelmannMartin, Sainteté, hagiographie et reliques en Gaule dans leurs contextes ecclésiologique et social (antiquité tardive et haut Moyen Âge), Lalies. 24, 37-62, [rés. en all.]
75-06671	eff_cand_5_b	38	it	TedeschiGennaro, Ilvalore della ricchezza, Incontri triestini di filologia classica. 3, 21-55
75-06321	eff_cand_6_b	97	en	GormanJill, Thinking with and about « same-sex desire » :producing and policing female sexuality in the « Acts of Xanthippe and Polyxena », JHSex200110 (3-4), 416-441
75-01415	eff_cand_4_b	44	fr	StirnemannPatricia, Unmanuscrit de Claudien fabriqué à la cour de Champagne dans les années 1160, Mélanges L. Holtz, 53-57 1 p. de pl.
75-00411	C1	63	fr	HammouMalika, «Kukliodidaskalos », « didaskalos », « poétès »les personnages de poètes dans les « Oiseaux » d'Aristophane, CGITA2002-200315, 101-120, [rés. en angl. p. 286]
75-11396	eff_cand_7	129	es	PenaMaría José, Latribu Velina en Mallorca y los nombres de « Palma » y « Pollentia », Faventia200426 (2), 69-90 ill. carte, [rés. en angl.]
75-11393	eff_cand_4_a	17	it	ParmeggianiGiovanni, Dalla « ktisis » alla « tryphe »una lettura di storia milesia in Eforo di Cuma(note a Eph. FGrHist 70 FF 127, 183), Sungraphe20002, 83-92
75-05778	eff_cand_7	110	fr	PoirierJohn C., Jewish and Christian tradition in the Transfiguration, RBi2004111 (4), 516-530, [rés. en angl.]
75-05779	eff_cand_10	108	de	PopkesEnno Edzard, «Bevor einer von Jakobus kam… »Anmerkungen zur textkritischen und theologiegeschichtlichen Problematik von Gal 2, 12, NT200446 (3), 253-264
75-12621	eff_cand_1_b	50	fr	BeschiLuigi, Lacasa di L.S. Fauvel, primo museo ateniese, AEph2001140, 72-120 ill. plans
75-04355	eff_cand_4_b	14	de	WachterRudolf, Sprachwissenschaftlicher Cocktail zur « Cistellaria », Studien zu Plautus' « Cistellaria », 371-383
75-03805	eff_cand_5_b	90	de	SiegertFolker, DieInspiration der Heiligen Schriftenein philonisches Votum zu 2Tim 3, 16, Philo und das Neue Testament, 205-222
75-06130	eff_cand_10	109	fr	RipollFrançois, L'inspiration tragique au chant VII des « Argonautiques » de Valérius Flaccus, REL200482, 187-208, [rés. en angl.]
75-06134	eff_cand_6_b	43	it	ZissosPaul Andrew, Terminal middlethe « Argonautica » of Valerius Flaccus, Middles in Latin poetry, 311-344
75-05291	eff_cand_5_a	105	en	CarleyJames P., PetitmenginPierre, Pre-conquest manuscripts from Malmesbury Abbey and John Leland's letter to Beatus Rhenanus concerning a lost copy of Tertullian's works, ASE200433, 195-222
75-08547	eff_cand_6_a	66	it	MariZaccaria, Subiaco (Roma)Villa di Neronerisultati delle campagne di scavo 1994-96, 1998-99, NSA2002-20039a ser. 13-14, 191-256 ill. cartes plans, [rés. en angl.]
75-10116	eff_cand_7	123	es	Fernández NietoFrancisco Javier, Eltrofeo de Augusto en Occidentela evocación de Alejandro y la ocupación de la Hispania extrema, Vrbs aeterna, 43-63
75-10117	eff_cand_10	44	it	FontaniEnrica, Principesse romane a Lesboa proposito di una fondazione di Agrippina Augusta, Simblos20013, 163-175
75-05078	eff_cand_4_a	45	it	Judet de La CombePierreJudet de La CombePierre, Notes pour une lecture du « Philoctète » de Sophocle, Lexis200220, 13-24
75-07397	eff_cand_9	33	es	BallesterXaverioBallester GómezXaverio, Celtibérico SECoNZOS = ¿ « Secundus » o SECoNTiOS ?, Veleia200320, 351-354, [rés. en angl.]
75-12028	eff_cand_6_b	84	es	Marcos CasqueroManuel Antonio, Lareligión romana arcaica en los anticuarios del siglo I a.C., EHum200426, 115-153
75-05275	eff_cand_4_a	61	de	KruschwitzPeter, Terenz' Anspruch und künstlerisches Selbstverständnis, Gymnasium2004111 (3), 247-264
75-03729	eff_cand_7	54	it	LagoPaolo, Ilviaggio e la dimensione « infernale » nel « Satyricon », Aufidus200418 N° 52, 29-50
75-03721	C2	33	fr	ContiMarco, «Matauitatau »un'espressione di origine semitica ?, Latomus200463 (2), 380-383
75-00820	eff_cand_6_b	31	it	JakobiRainer, DieÜberlieferung von Augustinus, « De Genesi contra Manichaeos », Augustinianum200444 (2), 437-442
75-02637	C1	96	en	BreedBrian W., «Tua, Caesar, aetas »Horace Ode 4.15 and the Augustan Age, AJPh2004125 (2), 245-253
75-05182	eff_cand_1_b	46	it	DrozdekAdam, Strato's irreligion, Maia200456 (2), 285-292
75-06556	C1	43	fr	FoulonÉric, Levolcan Chimère, Connaissance et représentations des volcans, 93-116 carte, [rés. en angl. p. 317]
75-04671	eff_cand_2_b	34	it	GiardinaGiancarloGiardinaGiancarlo, Considerazioni storiche e critico-testuali su Prop. 3, 12, 12 ; 4, 3, 8, Vichiana20044a ser. 6 (2), 202-206
75-04672	eff_cand_10	56	fr	GiardinaGiancarloGiardinaGiancarlo, Due note properziane (1, 8a, 13-16 ; 2, 18c, 35-36), BStudLat200434 (1), 35-38, [rés. en angl.]
75-02415	eff_cand_10	60	fr	PanayotakisStelios, Three death scenes in « Apollonius of Tyre », The ancient novel and beyond, 143-157
75-02410	eff_cand_4_b	78	de	DilleryJohn, Alexander's tomb at « Rhacotis » : Ps. Callisth. 3. 34. 5 and the Oracle of the Potter, ZPE2004N° 148, 253-258
75-11757	C2	36	de	ClaussenCarsten, Frühes Christentum zwischen Familie und Hausgemeinde, Haushalt, Hauskult, Hauskirche, 61-77
75-10596	eff_cand_10	85	de	BurtonGraham P., TheRoman imperial state, provincial governors and the public finances of provincial cities27 B.C.-A.D. 235, Historia200453 (3), 311-342
75-01350	eff_cand_8	22	it	GrilliAlberto, «Et vehiculis tarditatis », RPL2003N. S. 6, 115-118, [en ital.]
75-01353	eff_cand_5_a	123	de	HösleVittorio, EineForm der Selbsttranszendierung philosophischer Dialoge bei Cicero und Platon und ihre Bedeutung für die Philologie, Hermes2004132 (2), 152-166
75-01355	eff_cand_3_b	92	fr	JehneMartin, Krisenwahrnehmung und Vorschläge zur Krisenüberwindung bei Cicero, Fondements et crises du pouvoir, 379-396
75-03152	eff_cand_3_b	53	es	KomorowskaJoanna, Under the sign of Ariesthe Nile, the Zodiac, and a Roman poet, Mene20044, 286-293
75-02258	eff_cand_1_b	75	fr	SoaresCarmen Isabel LealSoaresCarmen Isabel Leal, Amorte, critério de felicidade nas « Historias » de Heródoto, Humanitas (Coimbra)200254, 117-164, [rés. en angl.]
75-02310	eff_cand_9	27	it	AdkinNeil, Whose nose and whose knees ? :two notes on St. Jerome, Orpheus2003N. S. 24 (1-2), 1-6
75-09432	C2	51	fr	VilleneuveFrançois, PhillipsCarl, FaceyWilliam, Uneinscription latine de l'archipel deFaras&amp;amacrnFarasan(sud de la mer Rouge) et son contexte archéologique et historique., In : Arabia : revue de sabéologie, ISSN 1768-0921. Paris : de Boccard. 2004 2, 143-190 pl. 63-67 ill. cartes
75-13718	eff_cand_6_b	18	it	MinonzioFranco, Recenti studi su scienza e tecnologia nel mondo antico, QS200430 N° 60, 263-312
75-03790	eff_cand_1_b	38	de	NickelsburgGeorge W. E., Philo among Greeks, Jews and Christians, Philo und das Neue Testament, 53-72
75-00185	eff_cand_8	83	fr	BinggeliAndré, Unnouveau témoin des « Narrationes » d'Anastase le Sinaïte dans les « membra disjecta » d'un manuscrit sinaïtique (« Sinaiticus M*GG6 + MF 21 »), REByz200462, 261-268, [rés. en angl. p. 335]
75-10050	C1	47	it	VanottiGabriella, Quale Sicilia per Ermocrate ?, Gli stati territoriali nel mondo antico, 179-197
75-03375	C1	127	en	FerriRolando, «Octavia » and the Roman dramatic tradition, Prudentia200335 (1), 89-111
75-01857	eff_cand_5_b	37	fr	Delavaud-RouxMarie-Hélène, Lagestuelle de l'absence dans la tragédie grecqueun exemple extrait d'« Iphigénie à Aulis » d'Euripide, ConnHell2002N° 92, 70-80 ill.
75-12993	eff_cand_2_b	58	it	ProvenzaleVeronica, Coppie sedute di amantiEnea e Didone a Pompei, Ad limina. 2, 163-180 ill.
75-00856	eff_cand_10	23	fr	CourcellePierre, Propos antichrétiens rapportés par saint Augustin, REAug200450 (1), 21-58
75-04784	eff_cand_1_a	60	it	Floría HidalgoMaría Dolores, Quintus Cervidius Scaevolasimilitudines responsorum, SDHI200470, 345-376, [en esp.]
75-13135	C2	48	fr	VelenisG., (*H *BASILIKH\I VasilikiBTW=N *FILI/PPWN STO\ PLAI/SIO TH=S2 )*IOUSTINIA/NEIAS2 A)RXITEKTONIKH=S2ton Filippon sto plaisio tis Ioustinianeias architektonikis, PAA200277 (1), 119-140 ill. plans, [rés. en franç.]
75-11269	eff_cand_10	89	fr	GatierPierre-Louis, Onomastique et présence romaine à Gérasa, Roman onomastics in the Greek East, 251-259
75-00013	eff_cand_5_a	78	it	HuntJohn, Conjectures in the « Aegritudo Perdicae », Athenaeum200492 (2), 359-366
75-04255	eff_cand_10	36	it	TulliMauro, Dal « Fedone » all'« Assioco »note sull'Accademia di età ellenistica, La cultura ellenistica, 199-212
75-03389	eff_cand_2_b	58	it	MaronePaola, Ottato e la scrittura, SMSR200428 (1), 27-49, [rés. en angl.]
75-08433	eff_cand_2_b	40	it	De BonisRosa, Unvecchio scavo nell'abitato di Paestumproblemi metodologici ed interpretativi, AION(archeol)2002-2003N. S. 9-10, 197-220 plans, [rés. en angl. p. 342]
75-11727	eff_cand_8	108	es	AlberroManuel, Elrol del sacrificio del caballo en las estructuras míticas y religiosas de los pueblos indo-europeos relacionadas con el concepto dumeziliano tripartito de organización social, Habis200435, 7-30 ill. carte, [rés. en angl.]
75-13894b	eff_cand_10	26	fr	MillerTimothy S., Naissance de l'hôpital dans l'empire byzantin. 3, ConnHell2000N° 84, 15-27 ill. plan
75-04072	eff_cand_5_b	149	en	HeinamanRobert, Why justice does not pay in Plato's « Republic », CQ2004N. S. 54 (2), 379-393
75-00451	C1	49	en	ThorburnJohn E., Winter in the comedies of Aristophanes, Mouseion (Canada)20033 (3), 325-338, [rés. en franç.]
75-00452	C1	43	fr	Vamvouri-RuffyMariaVamvouri RuffyMaria, Interprétations comiques des métaphores d'Euripide dans les « Grenouilles » d'Aristophane, EL2004(4), 95-116
75-00886	eff_cand_5_b	104	de	GrotzStephan, Ewigkeit und Zeitzu Augustins Fragen im XI. Buch der « Confessiones », AZP200429 (2), 117-142
75-00458	C1	91	en	WilliAndreas, Old Persian in Athens revisited (Ar. Ach. 100), Mnemosyne2004Ser. 4 57 (6), 657-681
75-01922	C2	8	fr	WhiteHeather, Two philological notes, Myrtia200419, 159-161
75-00989	eff_cand_6_b	41	fr	GainBenoît, En marge de l'édition bénédictine de saint Basile, Mélanges Y.-M. Duval, 343-356
75-04520	C1	22	it	TosiRenzo, Plutarco, « De adulatore et amico », 54C, Lexis200321, 333-338
75-04527	C1	53	fr	TheodoridisChristos, Ährenlese aus dem Onomastikon des Julius Pollux, Hommage à D. Lypourlis, 375-380
75-04098	eff_cand_4_b	75	de	KutscheraFranz von, Aus Platons Papierkorb, PlA20014, 21-34, [rés en angl. p. 13]
75-04156	eff_cand_1_a	46	it	PalazziPier Domenico, Un'ipotesi sull'Epinomide, PP200459 N° 338, 378-388
75-06584	C1	116	en	HordernJames H., «Cyclopea »Philoxenus, Theocritus, Callimachus, Bion, CQ2004N. S. 54 (1), 285-292, [en angl.]
75-04097	eff_cand_7	73	de	KünneWolfgang, Die «Gigantomachie » in Platons « Sophistes »Versuch einer analytischen Rekonstruktion, AGPh200486 (3), 307-321
75-06176	C1	65	en	BraundSusanna MortonBraundSusanna Morton, Making Virgil strange, PVS200425, 135-146
75-06079	C1	22	fr	VlachosAnge S.VlachosAngelos, Thucydide, quatrième tragique, ConnHell1992N° 53, 16-24
75-11535	eff_cand_6_b	14	es	ZerbiniMaurizio, «Vuoi vincere a Olimpia ?… stai lontano dai dolci »delizie del palato e interdizioni rituali nei regime atletico classico, Connotaciones sacrales de la alimentación, 159-170
75-11530	eff_cand_3_a	90	de	SiebenHermann Josef, «Unsere Sache ist es nicht, schöne Reden zu halten, sondern Taten vorzulegen… »Sexualethik bei Platon (« Nomoi ») und in der frühen Christenheit (2.-3. Jahrhundert), Th&Ph200378 (4), 481-508
75-06072	C1	44	it	NafissiMassimo, Tucidide, Erodoto e la tradizione su Pausania nel V secolo, RSA200434, 147-180
75-06073	C1	42	it	PintaudiRosario, Frammenti di codici tucididei, BBGG1997N. S. 51, 23-26 ill.
75-11125	eff_cand_10	25	fr	ChassignetMartine, Gaule Cisalpine et Gaule Chevelue, « pays de Cocagne »le témoignage de l'historiographie romaine de la République, Caesarodunum2003-200437-38, 217-236, [rés. en all.]
75-03279	C2	22	it	SchirruSilvio, Latradizione paremiografica nelle commedie di Menandro, AFLC2004N. S. 22, 5-24
75-06375	C1	31	it	MosconiGianfranco, Pericle e il Vecchio Oligarca su democrazia e talassocrazia, Ad limina. 2, 21-39
75-01076	eff_cand_4_b	81	de	LehnusLuigi, ACallimachean medley, ZPE2004N° 147, 27-32
75-01170	C1	93	fr	SvenbroJesper, Lanaissance de l'auteur dans une inscription grecque (Anthologie palatine 6, 197), Identités d'auteur dans l'antiquité, 77-87
75-06198	C1	104	en	ClaussJames J., Large and illyrical waters in Vergil's eighth « Eclogue », Hermathena2002-2003N° 173-174, 165-173
75-02182	eff_cand_2_b	79	it	CanforaLuciano, PSI 1304, APapyrol2002-200314-15, 213-235 ill., [en ital.]
75-09393	eff_cand_1_b	57	en	NedergaardElisabeth, Restructuring the « Fasti Capitolini », ARID200430, 83-99 ill.
75-09589	eff_cand_7	52	fr	KolendoJerzy, Jeszcze o kolekcjach archeologicznych i wykopaliskach ksiecia Stanislawa Poniatowskiego.<Du nouveau sur les collections archéologiques et les fouilles du prince Stanislas Poniatowski>, Archeologia200152, 77-90 ill. pl. 17-18, [rés. en angl.]
75-09588	eff_cand_1_b	39	fr	KimHenry S., Electrum ingot hoard (2002), SNR200483, 5-16 pl. 1-3, [rés. en all.]
75-00174	eff_cand_6_b	179	en	SeagerRobin, Theeminent bard and the soldierly Greekrefractions between Virgil and Ammianus, PVS200425, 147-160
75-12266	C2	83	fr	Van HaeperenFrançoise, Des pontifes païens aux pontifes chrétienstransformation d'un titreentre pouvoirs et représentations, RBPh200381 (1), 137-159
75-02670	eff_cand_5_b	111	en	SørensenSøren, Horace on tradition and the individual talent« Ars poetica » 119-52, C&M200455, 139-162
75-06891	eff_cand_3_a	33	it	Di LeoGennaro, Tra Polibio e LivioDiodoro e la presunta avarizia di Perseo, Sungraphe20035, 89-105
75-10234	eff_cand_4_b	77	en	WoodsDavid, Theconsequences of Nero's ill-health in AD64, Eranos2004102 (2), 109-116
75-02075	eff_cand_4_b	10	it	GrintserNikolay P., Grammar of poetry(Aristotle and beyond), Grammatical theory, 71-99
75-10333	eff_cand_8	38	it	BorcaFederico, IBritanni visti dai Romaniquestioni di guerra e di antropologia, Aufidus200418 N° 53-54, 147-175
75-03068	eff_cand_7	21	es	Otón SobrinoEnriqueOtón SobrinoEnrique, Epicuro en Lucrecio, La filología latina hoy, 1 : 213-216
75-13762	C2	103	en	MeyerH. C., MorenoAlfonso, AGreek metrological koinea lead weight from the western Black Sea region in the Ashmolean Museum, Oxford, OJA200423 (2), 209-216 ill.
75-15421	C2	4	it	CapassoMario, *MNH/MH KAI\ XA/RIS2Mneme kai kharisper Carlo Prato, PapLup200413, 5
75-01255	eff_cand_1_a	64	de	MundingHeinz, Certamen Homeri et Hesiodi ?, AU200447 (2), 67-70 ill., [en all.]
75-00389	eff_cand_7	66	it	MontanaFausto, Igrammatici alessandrini nei papiri di Aristofane, La cultura ellenistica, 371-384
75-09306	eff_cand_5_b	41	fr	ChristolMichel, Nouvelles réflexions sur les « milites Glanici », RAN200134, 157-164, [rés. en angl.]
75-14084	eff_cand_7	25	it	MarinoneNino, Alcuni interventi critici di Carlo Gallavotti, AAT1992126 (2), 73-75
75-14123	eff_cand_5_b	20	it	TrainaAlfonso, Per la memoria di Marino Barchiesi, Lexis200422, 431-432
75-03614	eff_cand_4_a	11	fr	MallanClaude, De Parménide à Platonl'ouverture de la voie. 2,L'axe de lumière. 3, La porte, ConnHell2002N° 91, 30-33
75-06203	eff_cand_1_b	89	fr	DehonPierre-Jacques, LesTroyens à Carthageun point de chronologie virgilienne, REL200482, 102-109, [rés. en angl.]
75-06200	C1	78	en	CourtneyEdward, Theformation of the text of Vergil - again, BICS2002-200346, 189-194
75-03031	C1	87	en	OgdenDaniel, Theapprentice's sorcererPancrates and his powers in context (Lucian, Philopseudes 33-36), AClass200447, 101-126
75-06374	C1	178	en	LewisSian, *KAI\ SAFW=S2 TU/RANNOS2 H)=NKai saphos turannos enXenophon's account of Euphron of Sicyon, JHS2004124, 65-74
75-00818	eff_cand_3_b	99	fr	DolbeauFrançois, Unfragment fantôme de sermon augustinien, RBen2004114 (2), 289-290
75-00819	eff_cand_9	24	it	GormanMichael M., From the classroom at Fulda under Hrabanusthe commentary on the Gospel of John prepared by Ercanbertus for his « praeceptor » Ruodulfus, Augustinianum200444 (2), 471-502
75-08477	C2	65	it	BiasciAndrea, Manoscritti, disegni, foto dell'Istituto Archeologico Germanico ed altre notizie inedite sul « Tempio di Minerva Medica », BCAR2003104, 145-182 ill. plans
75-02993	eff_cand_5_b	127	en	BarrenecheaFrancisco, Thestar signs at Brundisiumastral symbolism in Lucan 2.691-2, CQ2004N. S. 54 (1), 312-317
75-06922	eff_cand_3_b	97	de	MeierMischa, Prokop, Agathias, die Pest und das « Ende » der antiken HistoriographieNaturkatastrophen und Geschichtsschreibung in der ausgehenden Spätantike, HZ2004278 (2), 281-310
75-11644	C2	55	de	MauseMichael, Zwischen Zustimmung und Ablehnungder Stellenwert des Sports in der römischen Gesellschaft, AU200447 (2), 22-27 ill.
75-01652	eff_cand_9	28	fr	PerczelIstván, Thechristology of Pseudo-Dionysius the Areopagitethe « Fourth Letter » in its indirect and direct text traditions, Muséon2004117 (3-4), 409-446
75-02957	eff_cand_9	70	fr	Mahé-SimonMathilde, L'Italie chez Tite-Livel'ambiguïté d'un concept, RPh20033e sér. 77 (2), 235-258
75-12962	eff_cand_8	115	fr	MarRicardoMar MedinaRicardo, Ostia, una ciudad modelada por el commerciola construccíon del Foro, MEFRA2002114 (1), 111-180 ill. plans
75-13043	C2	31	fr	ZiegléAnne, Lastatue d'Hercule conservée à Bordeaux, RA2004N. S. (1), 176-179 ill.
75-04296	eff_cand_7	65	it	DeschampsLucienne, L'initiation dans les « Bacchides » de Plaute, Paideia200459, 115-125
75-03198	eff_cand_2_b	55	it	SalemmeCarmelo, Lacampagna « vera e rustica » di Marziale, Paideia200459, 467-481
75-03329	C2	18	it	NarducciEmanuele, Il «personaggio » di Atticoda Cornelio Nepote a Montaigne, Cicerone e i suoi interpreti, 145-189
75-03199	eff_cand_10	31	de	SchneiderWerner J., Von Stirnen und Steinen« tristia saxorum stigmata »eine Korruptel im Martial-Text ?, ZPE2004N° 148, 163-164
75-04568	eff_cand_9	88	fr	ErismannChristophe, «Processio id est multiplicatio »l'influence latine de l'ontologie de Porphyrele cas de Jean Scot Erigène, RSPh200488, 401-460, [rés. en angl.]
75-10842	eff_cand_3_a	30	fr	WallraffMartin, Lacroix dans la propagande impériale du IVe siècle, La Croix, 67-80
75-13265	C2	25	it	Pecorella LongoChiara, Ildecreto di Demofanto e ilNO/MOS2 EI)SAGGELTIKO/S2nomos eisangeltikosdue provvedimenti a confronto, Sileno200430 (1-2), 11-27
75-02187	eff_cand_6_b	60	en	NautaRuurd R., Hephaestion and Catullus 63 again, Mnemosyne2004Ser. 4 57 (5), 651-656
75-13263	C2	55	it	MaffiAlberto, Studi recenti sul Codice di Gortina, Dike20036, 161-226
75-09010	eff_cand_3_a	37	it	MarzianiFrancesca, Ungalata a Tarraco ? :a proposito di RIT, 400, Simblos19972, 183-190 ill.
75-08384	eff_cand_5_b	17	it	PaciGianfranco, Spoglio dei periodici« Fasti Archaeologici », Picus200424, 295-333
75-01136	eff_cand_2_b	83	it	CugusiPaoloCugusiPaolo, Dodici carmi epigrafici germanici, Aufidus200418 N° 53-54, 129-145
75-01816	eff_cand_2_b	83	it	SpuntarelliChiara, «In nome della morte di Cristo »la costruzione dell'identità cristiana nella formula battesimale eunomiana, AnnSE200421 (1), 315-330, [rés. en angl. p. 7]
75-13814	C1	63	en	SimonsenKathryn A., Winter sailing, Mouseion (Canada)20033 (3), 259-268, [rés. en franç.]
75-00952	eff_cand_7	21	de	LebekWolfgang Dieter, «Res gestae divi Augusti » 34, 1Rudolf Kassels « potens rerum omnium » und ein neues Fragment des Monumentum Antiochenum, ZPE2004N° 146, 60
75-13310	eff_cand_5_b	55	de	CloudJ. Duncan, Some thoughts on vadimonium, ZRG2002119, 143-176
75-04168	eff_cand_4_a	65	fr	PitavyJean-Christophe, L'opposition des thèmes de présent et d'aoristeétude des verbes de parole dans six dialogues de Platonprésentation de thèse, Syntaktika2000N° 19, 1-7
75-03814	eff_cand_5_b	69	it	VoicuSever J., Filone di Carpasia e Pseudo Ippolitodi un'omelia pasquale tramandata in etiopico, Augustinianum200444 (1), 5-24
75-08181	eff_cand_6_a	61	en	BookidisNancy, StroudRonald S., Apollo and the Archaic temple at Corinth, Hesperia200473 (3), 401-426 ill. plan
75-06194	eff_cand_1_b	97	es	CardosoZélia de Almeida, Virgílio e os jogos fúnebres troiano-romanos, Classica (Brasil)1996-19979-10, 107-118, [rés. en angl.]
75-06148	eff_cand_5_b	57	fr	DeschampsLucienne, Imaginaire et modes de construction du savoir antiquele cas de Varron de Réate historien dans le « De uita populi Romani », Imaginaire et modes de construction du savoir antique, 89-105
75-02139	eff_cand_9	23	it	MoroniMaria Grazia, La «via di mezzo » in Gregorio Nazianzeno, La poesia tardoantica e medievale, 79-93
75-01048	eff_cand_8	90	es	Le BohecYann, César et la religion, Vrbs aeterna, 543-551
75-06020	eff_cand_1_a	106	fr	CalameClaude, Modes de la citation et critique de l'intertextualitéjeux énonciatifs et pragmatiques dans les « Théognidéa », La citation dans l'Antiquité, 221-241
75-06025	eff_cand_10	78	it	MetroAntonino, Teofilo e la « quadruplicatio », Labeo200349 (3), 329-331
75-11463	eff_cand_6_a	65	en	TucciPier Luigi, Eight fragments of the Marble Plan of Rome shedding new light on the Transtiberim, PBSR200472, 185-202 ill.
75-01044	eff_cand_8	85	fr	GarceaAlessandro, Cesare e l'alfabetoa proposito di un contributo recente, BStudLat200434 (1), 3-6, [rés. en franç.]
75-10105	eff_cand_9	67	de	CoskunAltay, Dietetrarchische Verfassung der Galater und die Neuordnung des Ostens durch Pompeius (Strab. geogr. 12, 5, 1/App. Mithr. 560), Festschrift G. Dobesch, 687-703
75-06895	C1	40	fr	FavreauAnne-MarieFavreau LinderAnne-Marie, Trois relectures rhétoriques d'un exemplum historiqueCynégire et Callimaque, d'Athènes à Byzance, Ktèma200328, 143-154, [rés. en angl.]
75-05085	C2	72	es	López MartínezMaría Paz, Algunas observaciones sobre el escenario de las tragedias de Sófocles, Sófocles el hombre, Sófocles el poeta, 281-285
75-10516	eff_cand_7	35	fr	Péré-NoguèsSandra, Citoyenneté et mercenariat en Sicile à l'époque classique, Pallas2004N° 66, 145-155, [rés. en angl. p. 211]
75-07261	eff_cand_1_a	107	en	HolmesNigel, Ferimus, CQ2004N. S. 54 (1), 296-297
75-06216	C1	108	en	GrantMark, Continuity in pastoralplants and food in Virgil, PVS200425, 125-134
75-02981	eff_cand_4_a	23	fr	HunterRichard L., Longus and Plato, Der antike Roman und seine mittelalterliche Rezeption, 15-28
75-10295	C2	43	it	NeriValerio, Lafigura di Costantino negli scrittori latini cristiani dell'età di Onorio, Simblos19951, 229-264
75-09877	C2	18	it	NasoAlessandro, Rassegna bibliografica/ con la collab. diMarchese BastianiniMaria PiaMarchese BastianiniMaria Pia, SE200470, 437-552
75-12038	eff_cand_1_b	88	es	Olivares PedreñoJuan CarlosOlivares PedreñoJuan Carlos, Reflexiones sobre las ofrendas votivas a dioses indígenas en Hispaniaámbitos de culto y movimientos de población, Veleia200320, 297-313 carte, [rés. en angl.]
75-09973	C2	25	it	GhezziVania, Itiranni siracusani e le vergini locresi, PP200459 N° 338, 321-360
75-00104	C1	22	it	MastandreaPaolo, «Navigare necesse »esplorando il frammento di Pedone Albinovano, Lexis200220, 107-121
75-03852	eff_cand_10	106	fr	SchampJacques, «Vendez vos biens » (Luc. 12, 33)remarques sur le Julien de Photios et la date de composition de la « Bibliothèque », Mélanges J. Noret, 535-554
75-08052	eff_cand_8	39	fr	HebbertNorbert, SimmerAlain, WagnerRomain, Tombes du Bas-Empire à caractère militaire de la région de Thionville (Moselle), RAE1999-200050, 411-421 ill. carte, [rés. en angl. et en all.]
75-00533	eff_cand_2_b	24	fr	AnastasiadisNikolaos, *FUSIKE\S2 E)/NNOIES2 STO\N )*ARISTOTE/LHFysikes ennoies ston Aristoteli, Parnassos200446, 71-98, [rés. en angl. p. 501]
75-06244	eff_cand_9	29	fr	NelisDamien P., LaSibylle et MédéeVirgile et la tradition argonautique, La Sibylle, 61-68
75-10561	eff_cand_4_b	28	it	TuciPaolo A., Pisistrato e il « demos »tentativi di manipolazione della volontà popolare, RIL2004138 (1-2), 133-170, [rés. en angl.]
75-06241	eff_cand_8	79	en	NappaChristopher John, Callimachus' « Aetia » and Aeneas' Sicily, CQ2004N. S. 54 (2), 640-646
75-11214	C2	72	fr	Compatangelo-SoussignanRita, Colonisation romaine et économie agricole en Italie méridionale aux IIe-Ier s. av. J.-C. :habitat rural, agglomérations secondaires et préfectures, Pallas2004N° 64, 63-76 carte plans, [rés. en angl. p. 317]
75-14022	eff_cand_5_b	27	de	BiesterfeldtHans Hinrich, Hellenistische Wissenschaften und arabisch-islamische Kultur, Leitbild Wissenschaft ?, 9-37
75-02406	C1	119	en	FaraoneChristopher A., Hipponax fragment 128Wepic parody or expulsive incantation ?, ClAnt200423 (2), 209-245
75-04669	eff_cand_2_a	103	en	FontaineMichael, Propertius 3.4, 1.1, and the « Aeneid » incipit, CQ2004N. S. 54 (2), 649-650
75-01260	eff_cand_2_a	76	it	BorgognoAlberto, Per il testo di Caritone d'Afrodisia, Prometheus200430 (3), 246-252
75-02917	C2	63	fr	PerrinMichel Jean-Louis, Lactance, « De opificio Dei » (303-304)le savoir médical au début du IVe siècle, Imaginaire et modes de construction du savoir antique, 71-86
75-09377	eff_cand_4_a	66	de	LovenjakMilan, Dieneuen Meilensteine von Celje (« Celeia », Noricum) aus den Jahren 161, 214 und 218 n. Chr., ZPE2004N° 146, 205-210 pl. 9-11
75-03142	eff_cand_6_b	62	it	LagioiaAlessandro, L'«epifania » di Giuliano in Illiria e il Palladio(Paneg. 11, 6, 4), InvLuc200426, 123-137
75-02364	eff_cand_4_b	37	de	DukeDennis W., Associations between the ancient star catalogues, AHES2001-200256 (5), 435-450
75-04947	C1	145	en	WilsonMarcus, Ovidian Silius, Arethusa200437 (2), 225-249
75-04944	eff_cand_7	65	it	ScaffaiMarco, Ilconsole Marcello e Archimede nei « Punica » di Silio Italico, Paideia200459, 483-509
75-00197	eff_cand_8	28	de	VitielloMassimiliano, Teoderico a Romapolitica, amministrazione e propaganda nell'« adventus » dell'anno 500considerazioni sull'« Anonimo Valesiano II », Historia200453 (1), 73-120
75-07541	C2	11	it	MazzucchiCarlo MariaMazzucchiCarlo Maria, Unacuriosa legatura epsilon-iota nel codice Ambrosiano C 222 inf., BBGG2000N. S. 54, 203-207 ill.
75-01866	eff_cand_3_b	45	it	GärtnerThomas, Leiden nach dem KriegBeobachtungen zu den euripideischen Tragödien « Hekabe » und « Troerinnen ». 1, QUCC2004N. S. N° 78, 37-58
75-01984	eff_cand_8	77	fr	Boudon-MillotVéroniqueBoudon-MillotVéronique, Illustrer les médecins grecs à la Renaissanceles schémas d'optique galénique, Lire les médecins grecs, 209-232 ill.
75-03368	eff_cand_7	57	es	Aja SánchezJosé Ramón, Novedades en la tardoantigüedad de Cantabriauna nueva interpretación de Not. Dig. Occ. XLII, 30, Veleia2001-200218-19, 417-427, [rés. en angl.]
75-08428	eff_cand_1_b	86	fr	MorardThomas, WaveletDavid, Prolégomènes à l'étude du site de la Schola du Trajan à Ostie, MEFRA2002114 (2), 759-815 ill. plans
75-06748	eff_cand_9	148	en	PorterJames I., Vergil's voids, Helios200431 (1-2), 127-156
75-06665	eff_cand_8	20	it	SgobbiAlessandro, Tiresial'evoluzione di un personaggio tra rispetto e contestazione(Omero, Stesicoro, Sofocle), Momenti della ricezione omerica, 147-170
75-11046	eff_cand_8	12	fr	PittiaSylvie, L'influence des liens de parenté sur la prise de décision économiquele cas des « Tullii Cicerones », Mentalités et choix économiques des Romains, 21-44
75-00992	eff_cand_3_b	26	it	GirardiMario, Basilio di Cesarea, la « passio » di S. Saba « il Goto » e la propagazione del cristianesimo nella regione del basso Danubio fra III e IV sec., Italia e Romania, 157-171
75-04491	eff_cand_2_a	41	fr	CorvisierJean-Nicolas, Les «Préceptes de santé » de Plutarque et leur place dans la littérature comparable, Thérapies, médecine et démographie antiques, 137-156
75-03051	C1	60	de	BuchheitVinzenz, «Novos decerpere flores »geistiges Schöpfertum bei Lukrez und Vergil, Hermes2004132 (4), 426-435
75-01917	C1	82	en	SommersteinAlan H., Cuckoos in tragic nexts ? :Kephisophon and others, LICS2003-20043 (1), 13 p.
75-12529	eff_cand_8	63	fr	BignascaAndrea, Unnuovo Ermafrodita addormentato, NAC200433, 319-339 ill.
75-00440	C1	100	en	RosenRalph M., Aristophanes' « Frogs » and the « Contest of Homer and Hesiod », TAPhA2004134 (2), 295-322
75-02563	C1	90	en	MostGlenn W., Anger and pity in Homer's « Iliad », YClS200332, 50-75
75-00361	eff_cand_4_a	21	it	RussoLucio, Aristarco di Samouno scienziato isolato ?, Samo, 167-175
75-12777	eff_cand_5_a	51	fr	TerribiliAlessia, Ilgruppo di Sileno con Dioniso infante al Vaticano, MEFRA2003115 (2), 881-897 ill.
75-13350	eff_cand_7	108	fr	GeraciGiovanni, Documenti ellenistici e appalti di stato romaniancora su Polyb., VI, 17, 4 e UPZ I, 112, col. II, ll. 5 ss., CCG200314, 45-66, [rés. en angl. p. 323]
75-04081	eff_cand_2_a	101	en	HowlandJacob, Plato's reply to LysiasRepublic 1 and 2 and « Against Eratosthenes », AJPh2004125 (2), 179-208
75-07902	eff_cand_4_b	102	en	HayesJohn W., Hellenistic and Roman pottery deposits from the « Saranda Kolones » castle site at Paphos/ with foreword byMegawArthur H. S., ABSA200398, 447-516 ill. plan, [rés. en grec p. XVII]
75-09206	eff_cand_8	118	de	WorthingtonIan, Alexander the Great and the Greeks in 336 ? :another reading of IG II2 329, ZPE2004N° 147, 59-71
75-05932	eff_cand_4_b	137	en	BergmannClaudia, Theability/inability to eatdetermining life and death in « Bel et Draco », JSJ200435 (3), 262-283
75-06697	C1	124	en	BraundSusanna MortonBraundSusanna Morton, GilbertGiles, AnABC of epic « ira »anger, beasts, and cannibalism, YClS200332, 250-285
75-06692	eff_cand_2_a	89	en	BarbantaniSilvia, Callimachus and the contemporary historical « epic », Hermathena2002-2003N° 173-174, 29-47
75-01163	eff_cand_1_a	60	fr	PetzlGeorg, Serviteurs d'Arès, serviteurs des Musessur la coexistence de deux mondes séparés, L'hellénisme d'époque romaine, 287-295 fig. 28-31, [rés. en angl. p. 422]
75-04830	eff_cand_4_b	43	de	DammerRaphael, «Medea oratrix »(Sen. Med. 179-300), Hermes2004132 (3), 309-325
75-02199	eff_cand_1_b	52	en	GrangerHerbert, Argumentation and Heraclitus' book, OSAPh200426, 1-17
75-12278	eff_cand_10	35	fr	BeatricePier Franco, Ascetical fasting and original sin in the early Christian writers, Prayer and spirituality in the early church. 1, 211-228
75-02290	C1	97	en	NisbetGideon, Hesiod, « Works and days »a didaxis of deconstruction ?, G&R2004Ser. 2 51 (2), 147-163
75-02291	C1	90	en	OrmandKirk, Marriage, identity, and the tale of Mestra in the Hesiodic « Catalogue of women », AJPh2004125 (3), 303-338
75-02663	eff_cand_6_b	29	it	PerottiPier Angelo, Il «vile Sabinum » (Hor. carm. 1, 20), Aufidus200418 N° 53-54, 99-111
75-08013	eff_cand_6_a	44	fr	TreffortJean-Michel, NicodPierre-Yves, La Balme à Gontran à Chaley (Ain)du Néolithique moyen au haut Moyen Âge dans une cavité du Jura méridional/ avec la collaboration deExcoffier-BuissonRoger, RAE1999-200050, 53-118 ill. cartes plan, [rés. en angl. et en all.]
75-02669	C2	31	it	SerpaFranco, Iprecetti di Ofello(Hor. sat. II 2), Incontri triestini di filologia classica. 3, 15-19
75-11251	eff_cand_3_a	60	es	Fornell MuñozAlejandro, Poblamiento romano en el valle del Guadalete (Cádiz), FlorIlib200415, 73-113 carte, [rés. en angl.]
75-08563	C2	21	fr	CazanoveOlivier de, [et al.], Civita di Tricarico (prov. de Matera), MEFRA2002114 (1), 500-511 ill.
75-06850	C2	151	es	SommersteinAlan H., Violence in Greek drama, Ordia prima20043, 41-56
75-11951	eff_cand_2_a	49	fr	Peraki-KyriakidouEleniPeraki-KyriakidouEleni, *ZEU/GH DIPOLIKA/Zevgi dipolikaH OBIDIANH/ EKDOXH/i ovidiani ekdochi, Hommage à D. Lypourlis, 343-368
75-05117	eff_cand_2_a	76	en	TilgStefan, DieSymbolik chthonischer Götter in Sophokles' Ödipus auf Kolonos, Mnemosyne2004Ser. 4 57 (4), 407-420, [rés. en angl.]
75-00392	C1	79	en	AustinColin F. L., OlsonStuart Douglas, On the date and plot of Aristophanes' lost « Thesmophoriazusae II », LICS2003-20043 (5), 11 p.
75-10577a	C2	29	it	Bancalari MolinaAlejandro, Sobre los effectos del Edicto de Caracallaconsideraciones histórico-jurídicas, SCO200147 N° 3, 167-182
75-08126	C2	57	fr	Banaka-DimakiAnna, Cult places in Argos, Peloponnesian sanctuaries and cults, 107-116 ill. plans
75-00545	eff_cand_2_b	37	it	BertiMonica, L'egemonia dell'Areopago ad Atene([Aristot.], Ath. Pol., 23, 1-2), Poleis e Politeiai, 133-151
75-06235	eff_cand_9	79	it	La PennaAntonio, Fasto e povertà nell'« Eneide », Maia200456 (2), 225-248
75-06233	eff_cand_3_a	24	fr	KyriakidisStratis, *OI KATA/LOGOI STON *BERGI/LIOOi katalogoi ston VergilioDOMH/ KAI AFH/GHSHdomi kai afigisi, Hommage à D. Lypourlis, 305-322
75-09777	eff_cand_4_b	108	fr	MartinAlain, NachtergaelGeorges, Papyrus du Musée du Caire. 7, CE200479 N° 157-158, 193-208 ill.
75-04752	C1	38	it	PriviteraTiziana, Rutilio e il fil di fumo, RCCM200446 (1), 41-50
75-04698	eff_cand_3_b	84	fr	GuttillaGiuseppe, Il «martyrium » e la « duplex corona » in Paolino di Nola e in Prudenzio, BStudLat200434 (1), 91-116, [rés. en angl.]
75-02534	C1	71	es	FinkelbergMargalit, Theend of the heroic age in Homer, Hesiod and the Cycle, Ordia prima20043, 11-24, [rés. en angl.]
75-07403	eff_cand_4_b	59	fr	BuraselisKostasBouraselisKostas, Stray notes on Roman names in Greek documents, Roman onomastics in the Greek East, 55-63
75-11777	C2	37	fr	GieseckeHeinz-Eberhard, Menschenopfer, JPR1989-19903-4, 45-47, [rés. en angl.]
75-11771	eff_cand_2_b	48	it	FaraoneChristopher A., Orpheus' final performancenecromancy and a singing head on Lesbos, SIFC20044a ser. 2 (1), 5-27 ill.
75-11670	eff_cand_9	73	fr	WilkinsJohn, Manger, chercher, se promener à la campagneles méthodes de recherche d'Athénée et de Galien au IIe siècle de notre ère, CCG200112, 213-228
75-00894	eff_cand_8	31	it	LehmannYves, Religion romaine et témoignage chrétien, L'ultima parola, 203-214
75-03527	eff_cand_1_b	117	es	MichalopoulosAndreas N., Fighting against a witchthe importance of magic in Hypsipyle's letter to Jason (Ov., Her. 6), Mene20044, 95-122, [rés. en angl.]
75-00321	eff_cand_6_b	48	es	OrsÁlvaro d', Ladote de Pudentila, mujer de Apuleyo de Madaura, Vrbs aeterna, 783-787
75-03136	eff_cand_3_a	81	fr	MartinAnnick, L'histoire ecclésiastique intéresse-t-elle Malalas ?, Recherches sur la Chronique de Jean Malalas. 1, 85-102
75-03134	eff_cand_7	61	fr	JouanaudJean-Louis, Barbarus, Malalas et le « bissextus », Recherches sur la Chronique de Jean Malalas. 1, 165-180
75-02338	eff_cand_7	63	it	LösslJosef, Who attacked the monasteries of Jerome and Paula in 416 a.D. ?, Augustinianum200444 (1), 91-112
75-07089	C2	12	es	Camus BergarecheBruno, Mellado PradoAlicia, ¿A qué se dedican los lingüistas ? :algunas respuestas a partir de hechos del griego clásico y moderno, Homenaje a F. Martín García, 451-466
75-13528	C2	23	de	DowneyPatrick, Can we have religion, politics, suffering and enemies, without harm ?, Skepsis200415 (1), 68-85
75-03250	eff_cand_3_b	32	it	SantangeloFederico, Memnone di Eraclea e il dominio romano in Asia Minore, Simblos20044, 247-261
75-13251	eff_cand_2_b	52	fr	FezziLuca, Ilpassagio da oralità a scrittura nel processo attico, LEC200472 (1-2), 109-118, [rés. en franç.]
75-03258	eff_cand_2_b	60	it	AustinColin F. L., Black holes and hallucinationsnotes on the text of Menander, Eikasmos200415, 125-138 ill.
75-09022	eff_cand_7	144	fr	StefanAlexandra, Unrang impérial nouveau à l'époque de la quatrième tétrarchie« Filius Augustorum ». 1,Inscriptions révisées : problèmes de titulature impériale et de chronologie, AntTard200412, 273-291 ill., [rés. en angl.]
75-09027	eff_cand_2_b	54	it	HemmerdingerBertrand, Remarques sur quelques questions, BollClass2003Ser. 3a 24, 63-67
75-06717	C2	104	en	GärtnerThomas, DieMusen im Dienste ChristiStrategien der Rechtfertigung christlicher Dichtung in der lateinischen Spätantike, VChr200458 (4), 424-446, [rés. en angl.]
75-12788	eff_cand_1_b	84	fr	Villanueva PuigMarie-Christine, Des « coupes à yeux » de la céramique grecque, JS2004(1), 3-20 ill.
75-05974	eff_cand_7	40	es	VerheydenJosephVerheydenJozef, TheGreek legend of the « Ascension of Isaiah », Mélanges J. Noret, 671-700
75-05977	eff_cand_1_b	53	fr	ZervosGeorge Themelis, Caught in the actMary and the adulteress, Apocrypha200415, 57-114, [rés. en franç.]
75-12783	eff_cand_4_b	60	en	TurnerMichael, Attribution and iconography, MedArch200013, 55-66 pl. 4-6
75-01820	eff_cand_2_b	71	de	TelòMario, Eupoli, Solone e l'adulteriouna proposta per la « persona loquens » di Eup. fr. 101 K.-A. (= P. Oxy. 863), ZPE2004N° 146, 1-12
75-03417	eff_cand_10	29	it	CacciariAntonio, Presenze filoniane nelle « Omelie su Numeri » di Origene, La rivelazione in Filone di Alessandria, 217-230, [rés. en angl. p. 322]
75-01943	eff_cand_5_a	69	en	BaileyLisa, Building urban Christian communitiessermons on local saints in the Eusebius Gallicanus collection, EME2003-200412 (1), 1-24
75-03006	eff_cand_3_b	44	it	TesorieroCharles, Themiddle of Lucan, Middles in Latin poetry, 183-215
75-04378	C2	35	it	MaininoGianluca, Veleia, Plinio il Giovane e la « Tabula alimentaria » per il diritto romano, Ager Veleias, 117-130
75-09737	eff_cand_9	65	de	GonisNikolaos, P. Bingen 135 and Flavius Apion I, ZPE2004N° 146, 175-178
75-10825	eff_cand_3_a	73	de	LepelleyClaude, Uneinscription d'« Heraclea Sintica » (Macédoine) récemment découverte, révélant un rescrit de l'empereur Galère restituant ses droits à la cité, ZPE2004N° 146, 221-231
75-08645	eff_cand_6_b	37	fr	BavantBernard, IvanisevicVujadin, Cari&amp;ccaronin GradCaricin Grad(Yougoslavie). La campagne de fouille de 2001, MEFRM2001113 (2), 963-969 ill. plan
75-04288	eff_cand_9	99	en	BurtonPaul J., «Amicitia » in Plautusa study of Roman friendship processes, AJPh2004125 (2), 209-243
75-06684	C1	122	en	YatesVelvet, TheTitanic origin of humansthe Melian nymphs and Zagreus, GRBS200444 (2), 183-198
75-05808	eff_cand_1_a	36	it	RosikMariusz, Lafede che apre la strada alla salvezza(analisi sincronica di Mc 7, 24-30), Antonianum200479 (3), 445-472, [rés. en angl.]
75-11995	eff_cand_10	140	es	Campos MéndezIsrael, Consideraciones sobre el origen de la iconografía de los misterios mitraicos, FlorIlib200415, 9-28, [rés. en angl.]
75-05624	eff_cand_9	79	fr	HendriksWim, Variation textuelle dans l'Évangile selon Marc (illustrée par Mc 6, 33), Le texte du Nouveau Testament, 349-367
75-00110	C1	46	fr	IvantchikAskold IgorevichIvancikAskold Igorevic, Unfragment de l'épopée scythe« le cheval de Colaxaïs » dans un partheneion d'Alcman, Ktèma200227, 257-164, [rés. en angl.]
75-00113	C1	86	en	CasidayAugustine M. C., St Aldhelm's bees (De uirginitate prosa cc. IV-VI)some observations on a literary tradition, ASE200433, 1-22
75-03704	eff_cand_9	48	de	SteinhartMatthias, Pausanias und das Philopappos-Monumentein Fall von « damnatio memoriae » ?, Klio200385 (1), 171-188, [rés. en angl.]
75-03700	eff_cand_4_b	57	en	PattersonLee E., AnAetolian local myth in Pausanias ?, Mnemosyne2004Ser. 4 57 (3), 346-352
75-11200	eff_cand_3_b	115	es	Carrasco SerranoGregorio, Avance para el estudio del poblamiento del territorio meridional de Castilla-La Mancha en época romana, HAnt200428, 117-140, [rés. en angl.]
75-07110	C2	16	fr	RijksbaronAlbert, Lesvaleurs aspectuelles selon A. Poutsma(séance du « Groupe aspect », Paris, 26 novembre 1994), Syntaktika1995N° 8, 3-15
75-10310a	eff_cand_8	90	en	ShanzerDanuta, Dating the baptism of Clovisthe bishop of Vienne vs. the bishop of Tours, EME19987 (1), 29-57
75-06874	C2	11	fr	BonamenteGiorgio, Minor Latin historians of the fourth century A.D., Greek and Roman historiography in Late Antiquity, 85-125
75-02921	eff_cand_5_b	112	en	HemelrijkEmily A., Masculinity and femininity in the « Laudatio Turiae », CQ2004N. S. 54 (1), 185-197
75-01377	eff_cand_1_b	101	it	NarducciEmanuele, Cicerone e il « dilemma » di Gaio Gracco, Paideia200459, 369-380
75-09364	eff_cand_8	36	it	InnocenziLuciano, Tuficumannotazioni epigrafiche di Don Raffaele Ambrosini, Picus200424, 241-249 ill.
75-02847	eff_cand_3_a	35	it	NicolaiRoberto, Isocrate e le nuove strategie della comunicazione letterarial'« Antidosi » come « antologia d'autore », La cultura ellenistica, 187-197
75-00755	eff_cand_1_b	57	de	HeilenStephan, Astrological remarks on the new horoscopes from Kellis, ZPE2004N° 146, 131-136
75-05507	eff_cand_9	9	fr	CapronLaurent, Relecture et identification de O. Berlin P. 19837 = MPER XVIII 218, ZPE2004N° 150, 203-204 ill.
75-15452	eff_cand_1_b	11	it	ThomasJ. David, T.C. Skeat1907-2003, Aegyptus200282 (1-2), 249-257, [en angl.]
75-07578	C1	62	fr	GiannakisGeorgios N., *KRITIKOERMHNEUTIKA/Kritikoermineftika. 2, Dodone(philol)200433, 7-26, [rés. en all.]
75-06886	eff_cand_3_a	13	fr	CrokeBrian, Latin historiography and the barbarian kingdoms, Greek and Roman historiography in Late Antiquity, 349-389
75-00977	eff_cand_9	56	it	CatenacciCarmine, Di MarzioMarialuigia, Ilgallo di Urania(Bacchilide, Epinicio 4), QUCC2004N. S. N° 76, 71-89
75-01971	eff_cand_6_b	21	it	BodrozicIvan, L'uso della 1Pt nella polemica antiariana in Fulgenzio di Ruspe, VI simposio di Tarso su S. Paolo, 229-251
75-10141	eff_cand_8	107	en	KondratieffEric John, Thecolumn and coinage of C. Duiliusinnovations in iconography in large and small media in the Middle Republic, SCI200423, 1-39 ill.
75-13561	eff_cand_9	71	de	HeidemannDietmar H., Ethik ohne Theoriezum Problem der Moralbegründung, AZP200328 (2), 147-165
75-13563	eff_cand_7	101	de	HoffmannMichael, Axiomatisierung zwischen Platon und Aristoteles, ZPhF200458 (2), 224-245
75-03059	eff_cand_9	67	es	GilJuan, Lucrecio y los leones, Habis200435, 193-198, [rés. en angl.]
75-07450	eff_cand_6_a	61	en	WilsonStephen G., «Jew » and related terms in the ancient world, SR200433 (2), 157-171
75-10640	eff_cand_6_a	19	it	FolcandoElisabetta, Cronologia del « cursus honorum » municipale, Temi di antichità romane. 5, 63-75
75-06901	C2	4	fr	GolfinEmmanuel, Divergences et convergencesla guerre de Troie vue par Hérodote et Thucydide. 2, ConnHell2000N° 85, 9-17
75-00434	eff_cand_10	26	it	PerusinoFranca, ColantonioMaria, Echi dell'« Auge » di Euripide nella « Lisistrata » di Aristofane, QUCC2004N. S. N° 76, 123-126
75-01082	eff_cand_6_a	34	it	MassimillaGiulio, Illeone nemeo nella « Victoria Berenices » di Callimaco, La cultura ellenistica, 19-31
75-01083	eff_cand_10	56	en	MatthewsVictor J., From « coma » to constellationCallimachus, Catullus, and catasterism, Eranos2004102 (1), 47-57
75-11705	eff_cand_6_a	46	fr	Vincent-BernardiAnne-MarieVincent-BernardiAnne-Marie, L'onirocritiquerêve et interprétation des rêves dans l'Antiquité tardive et byzantine. 2, ConnHell1996N° 66, 69-80
75-08354	eff_cand_9	24	it	Dell'AmicoPiero, Pallarés SalvadorFrancisca, Ilcaricoil materiale fittile, BNum2001-2002N° 36-39, 23-70 ill.
75-03455	C1	35	it	FontanaFrancesco, Su alcuni modelli latini di « Historia Regum Britanniae » 137-138Ovidio, Plauto e Virgilio, StudMed20003a ser. 41 (2), 809-826
75-04486	eff_cand_10	37	fr	BoulogneJacques, Typhonune figure du mal chez Plutarque, Imaginaires du mal, 43-53
75-11332	C2	125	en	LeveauPhilippe, Lacité romaine d'Arles et le Rhônela romanisation d'un espace deltaïque, AJA2004108 (3), 349-375 ill. cartes
75-01900	C2	25	it	NorciaGiuseppina, Lo «Ione » di Euripideierogamia e autoctonia nell'intreccio drammatico, Sungraphe20002, 43-64
75-03228	eff_cand_2_b	35	it	BaldiDiego, Note sul « Florilegium Baroccianum », BBGG2002-2003N. S. 56-57, 309-318 index
75-03229	eff_cand_8	10	fr	BoudignonChristian, Maxime le Confesseur était-il constantinopolitain ?, Mélanges J. Noret, 11-43
75-05995	eff_cand_9	58	en	LambertMichael, Cruel boys and ageing menthe paederastic poems in the Theocritean corpus, AClass200447, 75-85
75-01497	eff_cand_4_b	52	fr	TsaggalisChristosTsaggalisChristos, )*AXILLEU\S2 (*ELE/NHN E)PIQUMEI= QEA/SASQAIAkhilleus Helenen epithumei thesasthaiAPO/ TA *KU/PRIA STHN *ILIA/DA apo ta « Kypria » stin « Iliada » Hellenica200454 (1) 7-26
75-13367	eff_cand_10	146	fr	LepelleyClaude, Lenivellement juridique du monde romain à partir du IIIe s. et la marginalisation des droits locaux, MEFRM2001113 (2), 839-856
75-01494	C1	22	it	SalemmeCarmelo, Cultura nicandrea e critica del testo nel « Culex », Sileno200430 (1-2), 175-183
75-13204	C2	56	fr	Nelis-ClémentJocelyne, Lesmétiers du cirque, de Rome à Byzanceentre texte et image, CCG200213, 265-309 ill.
75-09071	eff_cand_8	120	en	ChaniotisAngelosChaniotisAngelos, New inscriptions from Aphrodisias (1995-2001), AJA2004108 (3), 377-416 ill.
75-12287a	eff_cand_3_b	36	fr	DujarierMichel, L'Église est « Fraternité en Christ », CPE2004N° 96, 6-14
75-06052	C1	72	de	BearzotCinzia, IlCleone di Tucidide tra Archidamo e Pericle, Festschrift G. Dobesch, 125-135
75-06058	eff_cand_9	11	fr	DemontPaul, La «peste d'Athènes », ConnHell1992N° 50, 60-71
75-03290	eff_cand_9	10	it	UccieroRomilda, Recenti studi su Flavio Merobaude, AAP2004N. S. 53, 81-93
75-01154	eff_cand_8	109	de	MagnelliEnrico, Memoria letteraria in carmi epigrafici greci del Vicino Oriente, ZPE2004N° 147, 51-55
75-04431	eff_cand_7	94	fr	ColletteBernard, « L'âme ne pense jamais sans phantasma »lecture plotinienne de la noétique d'Aristote, RPhA200321 (2), 115-135
75-02893	eff_cand_3_b	60	fr	PouderonBernard, Marcel d'Ancyre et la « Cohortatio ad Graecos » attribuée à Justin, Mélanges Y.-M. Duval, 235-262
75-05192	eff_cand_9	33	fr	WoodsDavid, Nero's pet hippopotamus (Suet. « Nero » 37,2), Arctos200438, 219-222
75-05190	eff_cand_7	30	fr	DubuissonMichel, Leportrait de César chez Suétoneun cas de persuasion, Mélanges J. Poucet, 289-296
75-10387	eff_cand_5_b	39	es	HollisAdrian S., Myth in the service of kings and emperors, Mitos en la literatura griega helenística e imperial, 1-14
75-00150	eff_cand_6_a	35	fr	Ramos-LissónDomingo, El «exemplum » de la viuda de Sarepta en el tratado « De Viduis » de san Ambrosio, Mélanges Y.-M. Duval, 177-191
75-04222	eff_cand_3_b	4	fr	SchütrumpfEckart E., Imperfect regimes for imperfect human beingsvariations of infractions of justice, MUSJ200457, 13-36
75-02281	C1	72	de	FurleyWilliam D., «Hirten - nur Bäuche » ? :zu einer umstrittenen Stelle in Hesiod und Vergils ländlicher Dichtung, Festschrift E. Christmann, W. Edelmaier und R. Kettemann, 65-72
75-02280	C2	97	en	FaraoneChristopher A., TeeterEmily, Egyptian Maat and Hesiodic Metis, Mnemosyne2004Ser. 4 57 (2), 177-208 ill.
75-08001	eff_cand_9	59	fr	HeijmansMarc, Labasilique civile d'Arlestravaux 1998-1999, Studiola in honorem N. Duval, 27-35 ill. plans, [rés. en angl.]
75-01701	eff_cand_2_b	24	it	ComparelliFabrizio, Riflessi della « Vetus Latina » in Draconzio, BBGG2001N. S. 55, 23-36
75-12645	eff_cand_5_b	38	it	CalderoneAnna, SerraAlfonsa, Prospettive occidentali del mito di Trittolemo nell'« imagerie » vascolare attica, La tradizione iconica come fonte storica, 215-251 ill.
75-11966	C1	117	es	SarianHaiganuch, Culto heróico, cerimônias fúnebres e a origem dos Jogos Olímpicos, Classica (Brasil)1996-19979-10, 45-60 ill. cartes, [rés. en franç.]
75-04915	eff_cand_10	41	fr	AllenPauline, Severus of Antioch and the homilythe end of the beginning ?, The sixth century, end or beginning ?, 163-175
75-09558	eff_cand_7	45	it	FirpoGiulio, Melchiorre Delfico e l'antica monetazione atriana, RSI2004116 (2), 356-384
75-00651	eff_cand_8	123	fr	MerkerAnne, Aristote et l'arc-en-cielenjeux philosophiques et étude scientifique, AHES2001-200256 (3), 183-238
75-09553	eff_cand_6_b	88	en	ElkinsNathan T., Locating the imperial box in the Flavian amphitheatrethe numismatic evidence, NC2004164, 147-157 ill. 2 p. de pl.
75-03880	C2	42	fr	JouannaJacques, Mythe et ritela fondation des jeux olympiques chez Pindare, Ktèma200227, 105-118, [rés. en angl.]
75-00552	eff_cand_8	18	de	BrieskornNorbert, DieGrenzeihre Deutung im Kommentar des Petrus de Alvernia zur « Politik » des Aristoteles, XIX. Deutscher Kongress für Philosophie. Sektionsbeiträge, 283-292
75-06223	C1	54	fr	HorsfallNicholas, Arctinus, Virgil and Quintus Smyrnaeus, Mélanges J. Poucet, 73-80
75-02541	eff_cand_2_a	134	en	GagosTraianos, LitinasNikos, PriestNancy E., Homerica varia Michiganensia, BASP200441 (1-4), 39-84 6 p. de pl.
75-13401	eff_cand_6_b	109	es	ParicioJavier, Losproyectos codificadores de Pompeyo y César en san Isidoro de Sevilla = The codification projets of Pompei and Cesar in Saint Isidore of Seville, CHD2004Vol. extraordinario, 235-248, [rés. en angl., en franç. et en all.]
75-13400	eff_cand_10	64	it	ParicioJavier, Losproyectos codificadores de Pompeyo y César en San Isidoro de Sevilla, Labeo200450, 31-43
75-10688	eff_cand_7	11	fr	LewisNaphtali, New light on liturgies, CE200479 N° 157-158, 228-232
75-04686	eff_cand_8	34	de	WattWilliam S., Propertiana, RhM2004147 (3-4), 298-302
75-10763	eff_cand_5_a	77	de	ScherrerPeter, Traian und die Säule Caesars, Festschrift G. Dobesch, 369-375 ill. plan
75-03492	eff_cand_3_b	84	en	FishJeffrey, Physician, heal thyselfthe intertextuality of Ovid's exile poetry and the « Remedia amoris », Latomus200463 (4), 864-872
75-03495	eff_cand_5_b	102	en	FulkersonLaurel, «Omnia vincit amor » :why the « Remedia » fail, CQ2004N. S. 54 (1), 211-223
75-01242	C1	53	es	Rodríguez-PantojaMiguelRodríguez-Pantoja MárquezMiguel, Labarca de Catulo y el mulero de Virgilio, Alfinge199911, 149-158, [rés. en angl.]
75-09213	eff_cand_7	57	fr	BourdinStéphane, Unnouveau timbre sur tuile osque de « Trebis Arronties » à Tricarico, MEFRA2004116 (1), 293-299 ill.
75-09212	eff_cand_1_b	78	fr	BerrendonnerClara, Lescultures épigraphiques de l'Italie républicaineles territoires de langue étrusque et les territoires de langue osque, MEFRA2002114 (2), 817-860
75-02979	eff_cand_4_b	71	es	Fernández GarridoMaría Regla, Lossueños en la novela griegaLongo, Habis200435, 343-353, [rés. en angl.]
75-04630	eff_cand_4_b	55	it	CondelloFederico, L'arte di Teletusa(Priap. 19), Eikasmos200415, 361-372
75-03124	eff_cand_5_a	56	fr	JeffreysMichael, Bury, Malalas and the Nika riot, The sixth century, end or beginning ?, 42-51
75-01209	eff_cand_9	32	fr	Ter Haar RomenyBasTer Haar RomenyRobert Barend, Theidentity of Syrian orthodox Christians, as reflected in two exegetical collectionsfirst soundings, POr200429, 103-121
75-00235	eff_cand_3_b	92	de	MerktAndreas, Antonius der EinsiedlerMythos Mönchtum, Mythen Europas, 186-204 ill.
75-13705	eff_cand_6_a	126	en	WarrenJames, Ancient atomists on the plurality of worlds, CQ2004N. S. 54 (2), 354-365
75-09424	eff_cand_3_b	35	it	SilvestriniMarina, EpigraphicaLuceria, Canusium, Cannae, Silvium, i Bitontini in Sardegna, Temi di antichità romane. 5, 117-158 ill.
75-07522	eff_cand_8	47	it	GéhinPaul, Note sur la bibliothèque de Georges Cantacuzène, BBGG1997N. S. 51, 225-232 6 p. de pl.
75-12336	eff_cand_7	58	it	ZoccaElena, L'identità cristiana nel dibattito fra cattolici e donatisti, AnnSE200421 (1), 109-130, [rés. en angl. p. 4]
75-01843	eff_cand_10	26	es	BollackJean, Unaaltra Antígona, i un altre Èdip, Itaca200218, 9-19
75-03306	eff_cand_1_a	47	de	PällJanika, CIL IV 2305ein Fragment römischer Musik ?, ZPE2004N° 148, 313-315
75-06595	C2	25	fr	LajtarAdam, WipszyckaEwaWipszyckaEwa, Martyrs who received two crowns, JJP200232, 49-54 ill.
75-06643	C2	34	fr	PolignacFrançois de, Laconstruction de l'universalité dans la légende d'Alexandre, Métis2003N. S. 1, 251-269
75-04861	eff_cand_4_a	8	it	MarruzzinoSalvatore, Tre annotazioni alla « Phaedra » di Seneca, Vichiana20044a ser. 6 (1), 148-152
75-11346	C2	47	fr	Ma'ozZvi Uri, Y a-t-il des Juifs sans synagogue ? :le cas du Golan dans l'Antiquité, REJ2004163 (3-4), 483-493
75-00420	C1	47	fr	MastromarcoGiuseppe, Public et mémoire théâtrale dans l'Athènes d'Aristophane, ConnHell1994N° 60, 8-12
75-00425	C1	120	en	NiedduGian Franco, Apoet at workthe parody of « Helen » in the « Thesmophoriazusae », GRBS200444 (4), 331-360
75-12939	C2	14	fr	JensenR. C., TheKourion ballplayer, RDAC1984, 281-284 pl. 63
75-02932	eff_cand_5_a	96	de	FelgentreuFritz, Zur Datierung der 18. Rede des Libanios, Klio200486 (1), 206-217, [rés. en angl.]
75-03469	eff_cand_2_b	94	en	BoydBarbara Weiden, «Itala nam tellus Graeca maior erat » :« poetic syncretism » and the divinities of Ovid, Fasti 4, Mouseion (Canada)20033 (1), 13-35, [rés. en franç.]
75-03327	eff_cand_3_b	49	it	BiffiNicola, Metello e gli Indiani, GeogrAnt200312, 146-153
75-05498	eff_cand_8	17	it	CacciariAntonio, «Mansiones »sull'origine di un circolo ermeneutico, Adamantius200410, 27-32
75-10969	eff_cand_10	73	fr	BonsangueMaria Luisa, Lesrelations commerciales entre Pouzzoles et l'Égypte au IIe siècle ap. J.-C., CCG200112, 199-212
75-04978	C1	38	en	EdmundsLowell, Thepractical irony of the historical Socrates, Phoenix200458 (3-4), 193-207, [rés. en franç.]
75-06165	eff_cand_6_b	132	en	RobertsMichael, Venantius Fortunatus's « Life of Saint Martin », Traditio200257, 129-187 2 p. de pl.
75-06004	eff_cand_6_b	148	fr	WilliAndreas, Poétique au seuil de l'alexandrinismel'idylle 16 de Théocrite, AC200473, 31-46, [rés. en angl.]
75-05815	C2	43	it	SacchiAlessandro, Torah di Israele e morale ellenistica alla luce di Rm 1-2, RSB200416 (1-2), 245-270
75-05814	eff_cand_6_b	93	fr	RuzerSerge, «Love your enemy » precept in the Sermon on the Mount in the context of early Jewish exegesisa new perspective, RBi2004111 (2), 193-208, [rés. en franç.]
75-04811	eff_cand_8	55	de	CourtneyEdward, The «Nachleben » of the « Apocolocyntosis », RhM2004147 (3-4), 426-428
75-04812	eff_cand_4_b	82	it	FohlenJeannine, Biographies de Sénèque et commentaires des « Epistulae ad Lucilium »(Ve-XVe s.), IMU200243, 1-90
75-06188	C1	42	it	BarchiesiAlessandro, Quando Virgilio era un modernouna delle più antiche recite delle « Georgiche », e il contesto di una spiritosaggine, MD2004N° 52, 21-28
75-05145	eff_cand_4_a	101	en	MarkusDonka D., Grim pleasuresStatius' poetic « consolationes », Arethusa200437 (1), 105-135
75-05224	eff_cand_7	75	it	BerrinoNicoletta Francesca, Dalla Tanaquilla di Livio alla Livia di Tacito, InvLuc200426, 15-32
75-00283	eff_cand_10	57	es	BajoniMaria Grazia, L'itinerario conoscitivo nella « praefatio » del « De mundo » apuleiano, Habis200435, 313-317, [rés. en angl.]
75-08076	C2	103	fr	ChaponPhilippe, [et al.], Lesnécropoles de Vernègues (B.-du-Rh.)deux ensembles funéraires du Haut-Empire à la périphérie d'une agglomération secondaire/ avec la collab. deÉcardPhilippeetMichelDenis, RAN200437, 109-209 ill. cartes plans, [rés. en angl.]
75-06264	C1	107	en	ThibodeauPhilip, Thewatery something of Virgil, Georgics 4.234, CQ2004N. S. 54 (2), 636-640
75-08075	C2	27	fr	RolleyClaude, Desreliefs de la chancellerie au Montmartre d'Avallonla politique religieuse de Domitien en Gaule, RA2004N. S. (1), 159-163 ill.
75-06263	C1	107	en	TheodorakopoulosElena, Thename of the gamethe « Troia », and history and spectacle in Aeneid 5, PVS200425, 63-72
75-03849	eff_cand_2_a	26	fr	Van der HorstPieter Willem, Pseudo-Phocylides on the afterlifea rejoinder to John J. Collins, JSJ200435 (1), 70-75
75-06503	C1	70	es	Baldini MoscadiLoretta, Lamagia nell'epica latinafunzionalità e trasgressione (a proposito di Virgilio e Silio Italico, Lucano e Stazio), Mene20044, 33-49, [rés. en angl. ]
75-10228	C1	72	de	WiemerHans-Ulrich, DerBeginn des 3. Makedonischen KriegesÜberlegungen zur Chronologie, Historia200453 (1), 22-37
75-09883	eff_cand_3_b	100	fr	BriquelDominique, Laquestion des biens des Tarquinsblé du Tibre et or du Rhin, REL200482, 60-75, [rés. en lat.]
75-10159	eff_cand_9	108	de	MeierMischa, DasEnde des Cremutius Cordus und die Bedingungen für Historiographie in augusteischer und tiberischer Zeit, Tyche200318, 91-127
75-07514	eff_cand_9	63	it	EverettNicholas, Scribes and charters in Lombard Italy, StudMed20003a ser. 41 (1), 39-83
75-15430	eff_cand_1_a	5	it	FabrisRinaldo, «In memoriam »P. Bonaventura Rinaldi, C.P., RivBibl200452 (2), 248-249, [en ital.]
75-07519	eff_cand_9	12	it	GamillschegErnst, Übersetzer und KopistBeobachtungen zum Werk des Christophoros Persona, BBGG1997N. S. 51, 233-241 4 p. de pl.
75-05031	eff_cand_8	26	fr	AlauxJean, Antigone et Niobé entre deux mondes, ConnHell1997N° 71, 45-54
75-00123	eff_cand_1_b	76	en	ChaniotisAngelosChaniotisAngelos, Epigraphic evidence for the philosopher Alexander of Aphrodisias, BICS200447, 79-81
75-02938	eff_cand_5_b	77	en	SághyMarianne, «Scinditur in partes populus »Pope Damasus and the martyrs of Rome, EME20009 (3), 273-287
75-11938	C2	8	es	Martín GarcíaJosé Antonio, Evolución de la cosmogonía mítica griegael calendario, Homenaje a F. Martín García, 251-287
75-03593	eff_cand_3_b	28	it	RodighieroAndrea, Ilvizio della poesiaPallada fra tradizione e rovesciamento(con due proposte di lettura), Incontri triestini di filologia classica. 3, 67-95
75-03606	eff_cand_10	64	it	SchianoClaudio, Dal dialogo al trattato nella polemica antigiudaicail « Dialogo di Papisco e Filone » e la « Disputa contro i giudei » di Anastasio abate, VetChr200441 (1), 121-150
75-03607	eff_cand_10	72	it	LucariniCarlo MartinoLucariniCarlo Martino, Note critiche ai « Paradoxographi Graeci », BollClass2003Ser. 3a 24, 87-92
75-13993	eff_cand_1_b	82	de	SchwerdhöferHans Joachim, EineMethode zur Rekonstruktion antiker Mechanikenerläutert an der Apollon-Philesios-Statue des Kanachos, Thetis200310, 55-70 ill.
75-07569	eff_cand_7	33	fr	VezinJean, Onze reliures de la Trinité de Vendôme réalisées sous l'abbatiat de Geoffroy (1093-1132), Mélanges L. Holtz, 43-52 2 p. de pl.
75-13621	eff_cand_5_a	29	fr	MorelPierre-Marie, Le «Timée », Démocrite et la nécessité, Platon source des présocratiques, 129-150
